﻿Application Title,Job Title,Company Name,Application Date,Application Status,Job Post,Notes,Follow-Up Tracker,Total Tasks,Tasks Completed,Tasks Completion,Days Since Application,Last Status Mod.,Days in Status
Product Manager at TechHub,Product Manager,TechHub,"November 1, 2024",Applied,,Great match for my skills in product management,Send follow-up email to recruiter (https://www.notion.so/Send-follow-up-email-to-recruiter-17f738528d8a812294a7c7aa76b8acac?pvs=21),1,,0,78,"January 18, 2025",0
VP of Sales at Linkedin,VP of Sales,Linkedin,"December 2, 2024",Interviewing,,"Job seems promising, got to check with my network about how is working at LinkedIn","Research Linkedin’s (https://www.notion.so/Research-Linkedin-s-17f738528d8a812f9633d0b12a0d8aa0?pvs=21), See interview prep videos (https://www.notion.so/See-interview-prep-videos-17f738528d8a81f6b9dadec3783202fe?pvs=21), Apply for the possition (https://www.notion.so/Apply-for-the-possition-17f738528d8a81c394fad16afe5b7a88?pvs=21)",3,1,0.33,47,"January 18, 2025",0
UX Designer at PixelCraft,UX Designer,PixelCraft,"November 6, 2024",Rejected,,"Got feedback, they moved forward with another candidate",,,,0,73,"January 18, 2025",0
Web Developer at Web Masters,Web Developer,Web Masters,"November 15, 2024",Interviewing,,Coding Interview Scheduled for next week,"Send follow-up email to recruiter (https://www.notion.so/Send-follow-up-email-to-recruiter-17f738528d8a815e91f8fcbf28a49ef1?pvs=21), Look at webmaster’s web for job details (https://www.notion.so/Look-at-webmaster-s-web-for-job-details-17f738528d8a817fa1bac09a9c0f7559?pvs=21), Interview prep - check youtube video (https://www.notion.so/Interview-prep-check-youtube-video-17f738528d8a8109b5bdd67c083b7b41?pvs=21)",3,1,0.33,64,"January 18, 2025",0
Business Analyst at StraX,Business Analyst,StraX,"December 11, 2024",Under Study,,Great company but no feedback yet from others,"Send follow-up email to recruiter (https://www.notion.so/Send-follow-up-email-to-recruiter-17f738528d8a81878697d3af08425eb4?pvs=21), Reach out to 5 current employees (https://www.notion.so/Reach-out-to-5-current-employees-17f738528d8a810e9499d8f1b284caee?pvs=21)",2,,0,38,"January 18, 2025",0
Software Engineer at CodeWorks,Software Engineer,CodeWorks,"November 4, 2024",Offered,,Interview Scheduled for next week,Apply for SE at Codeworks (https://www.notion.so/Apply-for-SE-at-Codeworks-17f738528d8a81368419de1959804189?pvs=21),1,1,1,75,"January 18, 2025",0
Data Analyst at Data Stream,Data Analyst,Data Stream,"December 6, 2024",Offered,,Received an offer with a signing bonus,"Prep for the last interview (https://www.notion.so/Prep-for-the-last-interview-17f738528d8a814f99f0cc31fca78f2a?pvs=21), Ask for 10% extra income - email (https://www.notion.so/Ask-for-10-extra-income-email-17f738528d8a8137b53bd63b0b0f7a9c?pvs=21)",2,1,0.5,43,"January 18, 2025",0
Marketing Specialist at MarketGrow,Marketing Specialist,MarketGrow,"November 7, 2024",Under Study,,"Checked the web application, awaiting for feedback from employees.","Apply for the role at MarketGrow (https://www.notion.so/Apply-for-the-role-at-MarketGrow-17f738528d8a815d8084cc93d717da55?pvs=21), Reach out to former employees (https://www.notion.so/Reach-out-to-former-employees-17f738528d8a816289b8dc41b06fea25?pvs=21)",2,1,0.5,72,"January 18, 2025",0