﻿Task Name,Job Title,Employer Name,Job Description URL,Task Status,Task Type,Application Date,Due Date,Applications Tracker,Notes,Is Completed?,Important Notes
Reach out to 5 current employees,,,,Not started,Research,,"January 15, 2025",Business Analyst at StraX (https://www.notion.so/Business-Analyst-at-StraX-17f738528d8a81bcaf93ddc8ed240d6d?pvs=21),,0,
Send follow-up email to recruiter,,,,Not started,Follow-up,,"January 3, 2025",Business Analyst at StraX (https://www.notion.so/Business-Analyst-at-StraX-17f738528d8a81bcaf93ddc8ed240d6d?pvs=21),,0,
Research Linkedin’s,,,,Not started,Research,,"December 24, 2024",VP of Sales at Linkedin (https://www.notion.so/VP-of-Sales-at-Linkedin-17f738528d8a8108bc05c2596a9a8883?pvs=21),,0,
Ask for 10% extra income - email,,,,In progress,Follow-up,,"January 15, 2025",Data Analyst at Data Stream (https://www.notion.so/Data-Analyst-at-Data-Stream-17f738528d8a8190a89fd220483ddc6f?pvs=21),"Checking market status, this job is trendy and there is not many people capable of doing it.",0,
Apply for the role at MarketGrow,,,,In progress,Application,,"January 14, 2025",Marketing Specialist at MarketGrow (https://www.notion.so/Marketing-Specialist-at-MarketGrow-17f738528d8a81a384c2e40fe650e226?pvs=21),"Seems promising, but gotta check with current employees",0,
Interview prep - check youtube video,,,,In progress,Interview Prep,,"January 7, 2025",Web Developer at Web Masters (https://www.notion.so/Web-Developer-at-Web-Masters-17f738528d8a8105ac05fa7682a8cdfb?pvs=21),,0,
Send follow-up email to recruiter,,,,In progress,Follow-up,,"December 27, 2024",Product Manager at TechHub (https://www.notion.so/Product-Manager-at-TechHub-17f738528d8a811ab5cbd3d05660d327?pvs=21),,0,
Send follow-up email to recruiter,,,,In progress,Follow-up,,"January 2, 2025",Web Developer at Web Masters (https://www.notion.so/Web-Developer-at-Web-Masters-17f738528d8a8105ac05fa7682a8cdfb?pvs=21),,0,
See interview prep videos,,,,In progress,Interview Prep,,"December 23, 2024",VP of Sales at Linkedin (https://www.notion.so/VP-of-Sales-at-Linkedin-17f738528d8a8108bc05c2596a9a8883?pvs=21),,0,
Apply for SE at Codeworks,,,,Done,Application,,"December 4, 2024",Software Engineer at CodeWorks (https://www.notion.so/Software-Engineer-at-CodeWorks-17f738528d8a81ef8121e5e12483a60d?pvs=21),,1,
Prep for the last interview,,,,Done,Interview Prep,,"December 18, 2024",Data Analyst at Data Stream (https://www.notion.so/Data-Analyst-at-Data-Stream-17f738528d8a8190a89fd220483ddc6f?pvs=21),Fought for the signing bonus - and got it!,1,
Reach out to former employees,,,,Done,Networking,,"December 23, 2024",Marketing Specialist at MarketGrow (https://www.notion.so/Marketing-Specialist-at-MarketGrow-17f738528d8a81a384c2e40fe650e226?pvs=21),,1,
Look at webmaster’s web for job details,,,,Done,Research,,"December 23, 2024",Web Developer at Web Masters (https://www.notion.so/Web-Developer-at-Web-Masters-17f738528d8a8105ac05fa7682a8cdfb?pvs=21),"I found nothing spectacular, though.",1,
Apply for the possition,,,,Done,Application,,"December 23, 2024",VP of Sales at Linkedin (https://www.notion.so/VP-of-Sales-at-Linkedin-17f738528d8a8108bc05c2596a9a8883?pvs=21),,1,