ID,MC3,MC4,MC5,MC1,MC2,Complaint,Pilot,Enrollment
1188,0,1,0,0,0,0,0,12/3/2020
1970,0,0,0,0,0,0,0,12/3/2020
1043,0,0,0,0,0,0,0,12/2/2020
1777,0,0,0,0,0,0,0,12/2/2020
2787,0,0,0,1,0,0,0,12/2/2020
1687,0,0,0,0,0,0,0,12/1/2020
2563,0,0,0,0,0,0,0,12/1/2020
2775,0,0,0,0,0,0,0,12/1/2020
1253,1,0,0,0,0,0,0,11/30/2020
1447,1,0,0,0,0,0,0,11/30/2020
3029,0,0,0,0,0,0,0,11/30/2020
3167,0,0,0,0,0,0,0,11/30/2020
1104,0,1,0,0,0,0,0,11/29/2020
1945,0,0,0,0,0,0,0,11/29/2020
2013,0,0,0,0,0,0,0,11/29/2020
2431,0,0,0,0,0,0,0,11/29/2020
3191,0,0,0,0,0,0,0,11/29/2020
3206,0,0,0,0,0,0,0,11/29/2020
1167,0,0,0,0,0,0,0,11/28/2020
2004,0,0,0,0,0,0,0,11/28/2020
2634,0,0,1,1,0,0,1,11/27/2020
2821,0,0,0,0,0,0,0,11/27/2020
1962,0,0,0,0,0,0,0,11/26/2020
1975,0,0,0,0,0,0,0,11/26/2020
2462,0,0,0,0,0,0,0,11/26/2020
2895,0,0,0,0,0,0,0,11/26/2020
3027,0,0,0,0,0,0,0,11/26/2020
1139,0,0,0,0,0,0,0,11/25/2020
2250,0,0,0,0,0,0,0,11/25/2020
2922,0,0,0,0,0,0,0,11/24/2020
3093,0,1,0,0,0,0,0,11/24/2020
1864,0,0,0,0,0,0,0,11/23/2020
2001,0,0,0,0,0,0,0,11/23/2020
2087,0,0,0,0,0,0,0,11/23/2020
2614,0,0,0,0,0,0,0,11/23/2020
1516,0,1,0,0,0,0,0,11/22/2020
2439,0,0,0,0,0,0,0,11/22/2020
2539,0,0,0,0,0,0,0,11/22/2020
1249,0,0,0,0,0,0,0,11/21/2020
2685,1,0,1,1,1,0,1,11/21/2020
2937,0,0,0,0,0,0,0,11/21/2020
1331,0,0,0,0,0,0,1,11/20/2020
2540,0,0,0,0,0,0,0,11/20/2020
2623,0,1,0,0,0,0,0,11/20/2020
2741,0,0,0,0,0,0,0,11/20/2020
1173,0,0,0,0,0,0,0,11/19/2020
1803,0,0,0,0,1,0,1,11/19/2020
2743,0,0,0,0,0,0,0,11/19/2020
2794,0,0,0,0,0,0,0,11/19/2020
2508,0,0,0,0,0,0,0,11/18/2020
1614,0,0,0,0,0,0,0,11/17/2020
2978,0,0,0,0,0,0,0,11/16/2020
1853,0,0,0,0,0,0,0,11/15/2020
2297,0,0,0,0,0,0,0,11/14/2020
2463,0,0,0,1,0,0,0,11/14/2020
3202,0,0,0,1,0,0,0,11/14/2020
3217,0,0,0,1,0,0,0,11/14/2020
1389,0,0,0,0,0,0,0,11/13/2020
2427,0,0,0,0,0,0,0,11/13/2020
3021,0,0,0,0,0,0,0,11/13/2020
1119,0,0,0,0,0,0,0,11/12/2020
1196,0,0,0,0,0,0,0,11/12/2020
1511,0,0,0,0,0,0,0,11/12/2020
1706,0,0,0,0,0,0,0,11/12/2020
1050,1,0,0,1,0,0,1,11/11/2020
1549,0,0,0,0,0,0,0,11/11/2020
2113,0,0,0,0,0,0,0,11/11/2020
2773,0,0,0,1,0,0,0,11/10/2020
1232,0,0,0,0,0,0,0,11/9/2020
1406,0,0,0,0,0,0,0,11/9/2020
2032,1,0,0,0,0,0,0,11/9/2020
2658,0,0,0,0,0,0,0,11/8/2020
1718,0,0,0,0,0,0,0,11/7/2020
2868,0,1,0,1,0,0,0,11/7/2020
2077,0,0,0,0,0,0,0,11/6/2020
3028,0,0,0,0,0,0,0,11/6/2020
1793,0,0,0,0,0,0,0,11/4/2020
2090,0,0,0,0,0,0,0,11/4/2020
1391,0,0,0,0,0,0,0,11/3/2020
1769,1,0,0,0,0,0,0,11/2/2020
2071,0,0,1,0,0,0,0,11/2/2020
2139,0,0,0,0,0,0,0,11/2/2020
2320,0,1,0,0,0,0,0,11/2/2020
2637,0,0,0,0,0,0,0,11/2/2020
2689,0,0,0,0,0,0,0,11/2/2020
1082,0,1,0,1,0,0,1,11/1/2020
2136,0,0,0,0,0,0,0,11/1/2020
2717,0,0,0,0,0,0,1,11/1/2020
2873,0,0,0,0,0,0,0,11/1/2020
1834,1,0,0,0,0,0,0,10/30/2020
2216,0,0,0,0,0,0,0,10/30/2020
2869,0,0,0,0,0,0,0,10/30/2020
1442,0,0,0,0,0,0,0,10/29/2020
1916,0,0,0,0,0,0,0,10/29/2020
2051,0,0,0,0,0,0,0,10/29/2020
1086,0,0,0,0,0,0,0,10/28/2020
2116,0,0,0,0,0,0,0,10/28/2020
2223,1,0,0,0,0,0,0,10/28/2020
2230,0,1,0,0,0,0,0,10/28/2020
2713,0,0,0,1,0,0,0,10/28/2020
1166,0,0,0,0,0,0,0,10/27/2020
1461,0,0,0,0,0,0,0,10/27/2020
1631,0,0,0,0,0,0,0,10/27/2020
1703,0,0,0,0,0,0,0,10/27/2020
2024,0,0,0,1,0,0,0,10/27/2020
2287,0,1,1,0,0,0,0,10/27/2020
2529,0,0,0,1,0,0,0,10/27/2020
2970,1,0,1,1,0,0,1,10/27/2020
1029,0,0,0,0,0,0,0,10/26/2020
1087,0,0,0,0,0,0,0,10/26/2020
1405,0,0,0,0,0,0,0,10/26/2020
1482,0,0,0,0,0,0,0,10/26/2020
1657,0,0,0,0,0,0,0,10/26/2020
1745,0,0,0,0,0,0,0,10/26/2020
1915,0,0,0,0,0,0,0,10/26/2020
2119,0,0,0,0,0,0,0,10/26/2020
2372,0,0,0,0,0,0,0,10/26/2020
3070,0,0,0,0,0,0,0,10/26/2020
1128,1,0,0,0,0,0,1,10/23/2020
2044,1,0,0,0,0,0,0,10/23/2020
2241,1,0,0,0,0,0,0,10/23/2020
2561,1,0,0,0,0,0,1,10/23/2020
2859,0,0,0,0,0,0,0,10/23/2020
1458,0,0,0,0,0,0,0,10/22/2020
1905,0,0,0,1,0,0,0,10/22/2020
2226,0,0,0,0,0,0,0,10/22/2020
2593,0,0,0,0,0,0,0,10/22/2020
3196,0,0,0,0,0,0,0,10/22/2020
3211,0,0,0,0,0,0,0,10/22/2020
1572,0,1,0,0,0,0,0,10/21/2020
1669,0,0,1,1,0,0,0,10/20/2020
3081,0,0,0,0,0,0,0,10/20/2020
2370,0,0,0,0,0,0,0,10/19/2020
1184,0,0,0,0,0,0,0,10/17/2020
1624,0,0,0,0,0,0,0,10/17/2020
2349,0,0,0,0,0,0,0,10/17/2020
1047,0,0,0,0,0,0,0,10/16/2020
1083,0,0,1,0,0,0,0,10/16/2020
1143,0,0,0,0,0,0,0,10/16/2020
1204,0,0,0,0,0,0,0,10/16/2020
1275,0,0,0,0,0,0,0,10/16/2020
1796,0,0,0,0,0,0,0,10/16/2020
1823,0,0,0,0,0,0,0,10/16/2020
2015,0,0,1,0,0,0,0,10/16/2020
2238,0,0,0,0,0,0,0,10/16/2020
2927,0,0,0,0,0,0,0,10/16/2020
3123,0,0,0,0,0,0,0,10/16/2020
1062,0,0,0,0,0,0,0,10/15/2020
1169,0,0,0,0,0,0,0,10/15/2020
1763,0,0,0,0,0,0,0,10/15/2020
1935,0,0,0,0,0,0,0,10/15/2020
2123,0,0,0,0,0,0,0,10/15/2020
2842,0,0,0,0,0,0,0,10/15/2020
3105,0,0,0,0,0,0,0,10/15/2020
3155,0,0,1,0,0,0,0,10/15/2020
1120,0,0,0,0,0,0,0,10/14/2020
1170,0,0,0,0,0,0,0,10/14/2020
1931,0,0,0,0,0,0,0,10/14/2020
2733,0,0,0,0,0,0,0,10/14/2020
1460,0,0,0,0,0,0,0,10/13/2020
1096,0,0,0,0,0,0,1,10/12/2020
1932,1,0,0,0,0,0,0,10/12/2020
2165,0,0,0,0,0,0,0,10/12/2020
2692,0,0,0,0,0,0,0,10/12/2020
1593,0,0,0,1,0,0,0,10/11/2020
1939,0,0,0,0,0,0,0,10/11/2020
1942,0,0,0,0,0,0,0,10/11/2020
2625,0,0,0,0,0,0,0,10/11/2020
2934,0,0,0,0,0,0,0,10/11/2020
1404,0,0,0,0,0,0,0,10/10/2020
2499,0,0,0,0,0,0,0,10/10/2020
2359,0,0,0,0,0,0,0,10/9/2020
1376,0,0,0,0,0,0,0,10/8/2020
1412,0,0,0,0,0,0,0,10/8/2020
1904,0,0,0,0,0,0,0,10/8/2020
1909,0,0,0,0,0,0,0,10/8/2020
2069,0,0,0,0,0,0,0,10/7/2020
2930,0,0,0,0,0,0,0,10/7/2020
1735,0,0,0,0,0,0,0,10/6/2020
2215,0,0,0,0,0,0,0,10/6/2020
2365,0,0,0,0,0,0,0,10/6/2020
2620,0,0,0,0,0,0,0,10/6/2020
2774,0,0,0,0,0,0,0,10/6/2020
2866,1,0,1,1,0,0,0,10/6/2020
3061,0,0,0,0,0,0,0,10/6/2020
2047,1,0,0,1,0,0,1,10/5/2020
3180,0,0,0,0,0,0,0,10/5/2020
1069,0,0,0,0,0,0,0,10/4/2020
1264,0,0,0,0,0,0,0,10/4/2020
1874,0,0,0,0,0,0,0,10/4/2020
2856,1,0,0,0,0,0,1,10/4/2020
1684,0,1,1,1,0,0,1,10/3/2020
1716,0,1,1,1,0,0,1,10/3/2020
2350,0,0,0,0,0,0,0,10/3/2020
3124,0,0,0,0,0,0,0,10/3/2020
1054,0,0,0,0,0,0,0,10/2/2020
2337,0,0,0,0,0,0,0,10/2/2020
2553,0,1,1,0,0,0,0,10/2/2020
2783,0,0,0,0,0,0,1,10/2/2020
2489,0,0,0,0,0,0,0,10/1/2020
2072,0,0,0,0,0,0,0,9/30/2020
2575,0,0,0,0,0,0,0,9/29/2020
2918,0,0,0,0,0,0,0,9/29/2020
1140,0,0,0,0,0,0,0,9/28/2020
1410,0,1,1,1,0,0,0,9/28/2020
1742,0,0,0,0,0,0,0,9/28/2020
2108,0,0,0,0,0,0,0,9/28/2020
2711,0,0,0,0,0,0,0,9/28/2020
2715,0,1,0,0,0,0,0,9/28/2020
2021,1,0,0,0,0,0,0,9/27/2020
2414,0,0,0,0,0,0,0,9/27/2020
2559,0,0,0,0,0,0,0,9/27/2020
2817,0,0,0,0,0,0,0,9/27/2020
3150,0,0,0,0,0,0,0,9/27/2020
1354,0,0,0,0,0,0,0,9/26/2020
1159,0,0,0,0,0,0,0,9/25/2020
1161,0,0,0,0,0,0,0,9/25/2020
2378,0,0,0,0,0,0,0,9/25/2020
3164,0,0,0,0,0,0,0,9/25/2020
2173,0,0,0,0,0,0,0,9/24/2020
2224,0,0,0,0,0,0,0,9/24/2020
2317,0,0,0,0,0,0,0,9/24/2020
2885,0,0,0,0,0,0,0,9/24/2020
1996,0,0,0,0,0,0,0,9/23/2020
2849,0,0,0,0,0,0,0,9/23/2020
1569,0,0,0,0,0,0,0,9/22/2020
1995,0,0,0,0,0,0,0,9/22/2020
2306,0,0,0,0,0,0,0,9/22/2020
2700,0,0,0,0,0,0,1,9/22/2020
2857,0,0,0,0,0,0,0,9/22/2020
1271,0,0,0,0,0,0,0,9/21/2020
2217,0,0,0,0,0,0,0,9/21/2020
1221,0,0,0,0,0,0,0,9/20/2020
1287,0,0,0,0,0,0,0,9/20/2020
2772,0,0,0,0,0,0,0,9/20/2020
2847,0,0,0,0,0,0,0,9/20/2020
2543,0,0,0,0,0,0,0,9/19/2020
1210,0,0,0,0,0,0,0,9/18/2020
1762,0,0,0,0,0,0,0,9/18/2020
1290,0,0,0,0,0,0,0,9/17/2020
1636,0,0,0,0,0,0,0,9/17/2020
1901,1,0,0,0,1,0,0,9/17/2020
2438,1,0,0,0,1,0,0,9/17/2020
2876,0,0,0,0,0,0,0,9/17/2020
2964,0,0,0,0,0,0,0,9/17/2020
2275,0,0,0,0,0,0,0,9/16/2020
2766,0,0,0,0,0,0,0,9/16/2020
1208,0,0,0,0,0,0,0,9/15/2020
2045,0,0,0,0,0,0,0,9/15/2020
2396,0,0,0,0,0,0,0,9/15/2020
2585,0,0,0,0,0,0,0,9/15/2020
2953,0,0,0,0,0,0,1,9/14/2020
1680,0,0,0,1,0,0,0,9/13/2020
1886,0,0,0,0,0,0,0,9/13/2020
1535,1,0,0,0,0,0,1,9/12/2020
1911,0,0,0,0,0,0,0,9/12/2020
1997,0,0,1,0,0,0,0,9/11/2020
2031,0,0,1,0,0,0,0,9/11/2020
2251,0,1,0,0,0,0,0,9/11/2020
2795,0,0,0,1,0,0,0,9/11/2020
1260,0,0,0,0,0,0,0,9/10/2020
1740,0,0,0,0,0,0,0,9/10/2020
3103,0,0,0,0,0,0,0,9/10/2020
1411,0,1,0,1,0,0,0,9/9/2020
1480,0,0,0,0,0,0,0,9/9/2020
1761,0,0,0,0,0,0,0,9/9/2020
1859,0,0,0,0,0,0,0,9/9/2020
2179,0,0,0,0,0,0,0,9/9/2020
2502,0,0,0,0,0,0,0,9/9/2020
2570,0,0,0,0,0,0,0,9/9/2020
3041,0,0,0,0,0,0,0,9/9/2020
3185,0,0,0,0,0,0,0,9/9/2020
1163,1,0,0,0,0,0,0,9/8/2020
1854,0,0,0,0,0,0,0,9/8/2020
1568,0,0,0,0,0,0,0,9/7/2020
2135,0,0,0,0,0,0,0,9/7/2020
2968,0,1,1,0,0,0,0,9/7/2020
2698,0,0,1,0,0,0,0,9/6/2020
1203,0,0,0,0,0,0,0,9/5/2020
1560,0,0,0,0,0,0,0,9/5/2020
2908,0,0,0,0,0,0,0,9/5/2020
1187,1,0,0,0,0,0,1,9/4/2020
1399,0,0,0,0,0,0,0,9/4/2020
1534,0,0,0,0,0,0,0,9/4/2020
2872,0,0,1,0,0,0,0,9/4/2020
3056,0,1,0,0,0,0,0,9/4/2020
1093,0,0,0,0,0,0,0,9/3/2020
1368,0,0,0,0,0,0,0,9/3/2020
2019,1,0,0,0,0,0,1,9/3/2020
2210,0,0,0,0,0,0,0,9/3/2020
2404,0,0,0,0,0,0,0,9/3/2020
2676,0,0,0,0,0,0,0,9/3/2020
2993,0,0,0,0,0,1,0,9/3/2020
1533,0,0,0,0,0,0,0,9/2/2020
1700,0,0,0,0,0,0,0,9/2/2020
1799,0,0,0,0,0,0,0,9/2/2020
2276,0,0,0,0,0,0,0,9/2/2020
2304,0,0,0,0,0,0,0,9/2/2020
2377,0,0,0,0,0,0,0,9/2/2020
2516,0,0,0,0,0,0,0,9/1/2020
3050,0,0,0,0,0,0,0,8/31/2020
1677,0,0,0,0,0,0,0,8/30/2020
1976,0,0,0,0,0,0,0,8/30/2020
2660,0,0,0,0,0,0,0,8/29/2020
2946,1,0,0,0,0,0,0,8/29/2020
3114,0,0,0,0,0,0,0,8/29/2020
2085,0,0,0,0,0,0,0,8/28/2020
2229,0,0,0,0,0,0,0,8/28/2020
2608,0,0,0,0,0,0,0,8/28/2020
3115,0,0,0,0,0,0,0,8/28/2020
1085,0,0,0,0,0,0,0,8/27/2020
1787,0,0,0,0,0,0,0,8/27/2020
2141,0,0,0,0,0,0,0,8/27/2020
2425,0,0,0,0,0,0,0,8/27/2020
2552,0,0,0,0,0,0,1,8/27/2020
2616,0,0,0,0,0,0,0,8/27/2020
2705,0,0,0,0,0,0,0,8/27/2020
2913,0,0,0,0,0,0,0,8/27/2020
3175,0,1,0,0,0,0,0,8/27/2020
1345,0,0,0,0,0,0,0,8/26/2020
1820,1,0,0,0,0,0,0,8/25/2020
1971,0,1,1,1,1,0,1,8/25/2020
2678,0,0,0,0,0,0,0,8/25/2020
1258,0,0,0,0,0,1,0,8/24/2020
2481,0,0,1,0,0,0,0,8/24/2020
2808,0,0,0,0,0,0,0,8/24/2020
3069,0,0,0,0,0,0,0,8/24/2020
1063,1,0,0,1,0,0,1,8/23/2020
1764,0,0,0,0,0,0,0,8/23/2020
2239,1,0,0,0,0,0,0,8/23/2020
1199,0,0,0,0,0,0,0,8/22/2020
2273,0,0,0,0,0,0,0,8/22/2020
2749,0,0,0,0,0,0,0,8/22/2020
2877,0,0,0,0,0,0,0,8/22/2020
3152,0,0,0,0,0,0,0,8/22/2020
1286,0,1,0,0,0,0,0,8/21/2020
1428,0,0,0,0,0,0,0,8/21/2020
1497,0,0,1,0,0,0,0,8/21/2020
1835,0,1,0,1,0,0,1,8/21/2020
2061,0,0,0,0,0,0,0,8/21/2020
2070,0,0,0,0,0,0,1,8/21/2020
2152,0,0,0,0,0,0,0,8/21/2020
2394,0,0,0,0,0,0,0,8/20/2020
3157,0,0,0,0,0,0,0,8/20/2020
1010,1,0,0,0,0,0,0,8/17/2020
1682,0,0,0,0,0,0,0,8/16/2020
1797,0,0,0,0,0,0,0,8/16/2020
2075,0,0,0,0,0,0,0,8/16/2020
2708,0,0,1,0,0,0,0,8/16/2020
3126,0,1,0,0,0,0,0,8/16/2020
1301,0,0,0,0,0,0,0,8/15/2020
2491,0,0,0,0,0,0,0,8/15/2020
1605,0,1,1,0,0,0,0,8/14/2020
1618,0,0,0,0,0,0,0,8/14/2020
1890,0,0,0,0,0,0,0,8/14/2020
2844,0,1,1,1,0,0,1,8/14/2020
3142,0,1,0,1,0,0,0,8/14/2020
1728,0,0,0,0,0,0,0,8/13/2020
2584,0,0,0,0,0,0,0,8/13/2020
1002,0,0,0,0,0,0,0,8/12/2020
1175,0,0,0,0,0,0,0,8/12/2020
1529,0,0,0,0,0,0,0,8/12/2020
2527,0,0,0,0,0,0,0,8/12/2020
2630,0,0,0,0,0,0,0,8/12/2020
1141,0,1,0,0,0,0,0,8/11/2020
2310,0,0,0,0,0,0,0,8/11/2020
1452,0,0,0,0,0,0,0,8/10/2020
2245,0,0,0,0,0,0,1,8/10/2020
1294,0,0,1,0,0,0,0,8/9/2020
2674,0,0,0,0,0,0,0,8/9/2020
3138,0,1,0,0,0,0,0,8/9/2020
1837,0,0,0,0,0,0,0,8/8/2020
2050,0,0,0,0,0,1,0,8/8/2020
3129,0,0,0,0,0,0,0,8/8/2020
1055,0,0,0,0,0,0,0,8/7/2020
1449,0,0,0,0,0,0,0,8/7/2020
2601,0,0,0,0,0,0,0,8/7/2020
2368,0,0,0,0,0,0,0,8/6/2020
2580,0,0,0,0,0,0,0,8/6/2020
2984,0,0,0,0,0,0,0,8/6/2020
1270,0,0,0,0,0,0,0,8/5/2020
1289,0,0,0,0,0,0,0,8/5/2020
1503,0,0,1,1,0,0,0,8/5/2020
1505,1,0,0,0,0,0,0,8/5/2020
1810,0,0,0,0,0,0,0,8/5/2020
2684,0,0,0,0,0,0,0,8/5/2020
2845,0,0,0,0,0,0,0,8/5/2020
3106,0,0,0,0,0,0,0,8/5/2020
2942,0,0,0,0,0,0,0,8/4/2020
3111,0,0,0,0,0,0,0,8/4/2020
2170,0,0,0,0,0,0,0,8/3/2020
2727,0,0,0,0,0,0,0,8/3/2020
2017,0,0,0,0,0,0,0,8/2/2020
2626,0,0,0,0,0,0,0,8/2/2020
1079,0,0,0,0,0,0,0,8/1/2020
1158,0,0,0,0,0,0,0,8/1/2020
1378,0,0,0,0,0,0,0,8/1/2020
1978,0,0,0,0,0,0,0,8/1/2020
2560,0,0,0,0,0,0,1,8/1/2020
1113,0,0,0,0,0,0,1,7/31/2020
1346,0,0,0,0,0,0,0,7/31/2020
1448,0,0,0,0,0,0,0,7/31/2020
2054,0,0,0,0,0,0,0,7/31/2020
2504,0,0,1,1,0,0,1,7/31/2020
2393,0,0,0,0,0,0,0,7/30/2020
3000,0,0,0,0,0,0,0,7/30/2020
2604,0,0,0,0,0,0,1,7/29/2020
2279,0,0,1,0,0,0,1,7/26/2020
3072,0,1,1,0,0,0,0,7/26/2020
1974,0,0,0,0,0,0,0,7/25/2020
2282,0,0,0,0,0,0,0,7/25/2020
2388,0,0,0,0,0,0,0,7/25/2020
1633,0,1,0,0,0,0,0,7/24/2020
2094,0,1,0,0,0,0,0,7/24/2020
2151,1,0,0,0,0,0,0,7/24/2020
2174,0,0,0,0,0,0,0,7/24/2020
2756,0,0,0,0,0,0,0,7/24/2020
1217,0,0,0,0,0,0,0,7/23/2020
1927,0,0,0,0,0,0,0,7/23/2020
2189,1,0,0,0,0,0,0,7/23/2020
2399,0,0,0,0,0,0,0,7/23/2020
1521,0,0,1,0,0,0,1,7/22/2020
1616,1,0,0,0,0,0,1,7/22/2020
1767,0,0,0,0,0,0,0,7/22/2020
1842,0,0,0,0,0,0,0,7/22/2020
2572,0,0,0,0,0,0,0,7/22/2020
1401,0,1,1,1,1,0,0,7/21/2020
2160,0,0,1,0,0,0,0,7/20/2020
2407,0,0,0,0,0,0,0,7/20/2020
2477,0,0,0,0,0,0,0,7/20/2020
2548,0,0,1,0,0,0,1,7/20/2020
2434,0,1,1,1,0,0,1,7/19/2020
2957,0,0,1,1,0,0,0,7/19/2020
2995,0,0,0,0,0,0,0,7/19/2020
1037,0,0,0,0,0,0,0,7/18/2020
1590,0,0,0,0,0,0,0,7/18/2020
1683,1,0,0,0,0,0,0,7/18/2020
1004,0,0,0,0,0,0,0,7/17/2020
1123,0,0,0,0,0,0,0,7/17/2020
1861,1,0,0,0,0,0,1,7/17/2020
1907,0,0,0,1,0,0,0,7/17/2020
1912,0,0,0,0,0,0,0,7/17/2020
1307,0,0,0,0,0,0,0,7/16/2020
2093,0,0,0,0,0,0,0,7/16/2020
2213,0,0,0,0,0,0,0,7/16/2020
2444,0,0,0,0,0,0,0,7/15/2020
1536,0,0,0,0,0,0,0,7/14/2020
2373,0,0,0,0,0,0,0,7/14/2020
2498,0,0,0,0,0,0,0,7/14/2020
2768,0,0,0,0,0,0,0,7/14/2020
2850,0,0,0,0,0,0,0,7/14/2020
3048,0,0,0,0,0,0,1,7/14/2020
2915,1,0,1,1,0,0,1,7/13/2020
3154,0,1,0,0,0,0,0,7/13/2020
2882,0,0,0,0,0,0,0,7/12/2020
2998,0,0,0,0,0,0,0,7/12/2020
3179,0,0,0,0,0,0,0,7/12/2020
1259,0,0,0,0,0,0,0,7/11/2020
1956,0,0,0,0,0,0,0,7/10/2020
1418,0,0,0,0,0,0,0,7/9/2020
1951,0,0,0,0,0,0,0,7/9/2020
2486,0,0,0,0,0,0,0,7/9/2020
2632,0,0,0,0,0,0,0,7/9/2020
2824,0,0,0,0,0,0,0,7/9/2020
2299,0,0,0,0,0,0,0,7/8/2020
2290,0,0,0,0,0,0,0,7/7/2020
1162,0,0,0,0,0,0,0,7/6/2020
1577,0,0,0,0,0,0,0,7/6/2020
2089,0,1,0,0,0,0,0,7/6/2020
3108,0,0,0,0,0,0,0,7/6/2020
1730,1,0,0,0,0,0,1,7/5/2020
1446,0,0,0,0,0,0,0,7/4/2020
2395,0,0,0,0,0,0,0,7/4/2020
2699,0,0,0,0,0,0,1,7/4/2020
3120,0,0,0,0,0,0,0,7/4/2020
1504,0,0,0,0,0,0,0,7/3/2020
1555,0,0,0,0,0,0,0,7/3/2020
2333,0,0,0,0,0,0,0,7/3/2020
2594,0,0,0,0,0,0,0,7/3/2020
1472,0,0,0,0,0,0,0,7/2/2020
1532,1,0,0,0,0,0,1,7/2/2020
1758,0,0,0,0,0,0,0,7/2/2020
1841,0,0,0,0,0,0,0,7/2/2020
1989,1,0,0,0,0,0,0,7/2/2020
2436,0,1,0,0,0,0,0,7/2/2020
2471,0,0,0,0,0,0,0,7/2/2020
1708,0,0,0,0,0,0,0,7/1/2020
1725,0,0,0,1,0,0,0,7/1/2020
2879,0,1,0,0,0,0,0,7/1/2020
3127,0,0,0,0,0,0,0,7/1/2020
3203,0,1,0,0,0,0,0,7/1/2020
3218,0,1,0,0,0,0,0,7/1/2020
1108,0,0,1,1,0,0,0,6/30/2020
2455,1,0,0,0,0,0,0,6/30/2020
3204,0,0,0,0,0,0,0,6/30/2020
3219,0,0,0,0,0,0,0,6/30/2020
1878,0,0,0,0,0,0,0,6/29/2020
2556,0,0,0,0,0,0,0,6/29/2020
2654,0,0,0,0,0,0,0,6/29/2020
2944,0,1,1,0,0,0,0,6/29/2020
3109,0,0,0,0,0,0,0,6/29/2020
1172,0,0,0,0,0,0,0,6/28/2020
2059,0,0,0,0,0,0,0,6/28/2020
2150,0,0,0,0,0,0,0,6/28/2020
2389,0,0,0,1,0,0,1,6/28/2020
3125,0,0,0,0,0,0,0,6/28/2020
1084,0,0,0,0,0,0,0,6/27/2020
2126,0,0,0,0,0,0,0,6/27/2020
2852,0,0,0,1,0,0,0,6/27/2020
2997,0,0,0,0,0,0,0,6/27/2020
3086,0,0,0,0,0,0,0,6/27/2020
1005,0,0,0,0,0,0,0,6/25/2020
2861,0,0,0,0,0,0,0,6/25/2020
2896,0,0,0,0,0,0,0,6/25/2020
1297,0,0,0,0,0,0,0,6/24/2020
1520,0,0,0,0,0,0,0,6/24/2020
2221,0,0,0,0,0,0,0,6/24/2020
2656,0,0,0,0,0,0,0,6/23/2020
2931,0,0,0,0,0,0,0,6/23/2020
3112,0,1,1,0,0,0,0,6/23/2020
3140,0,0,0,0,0,0,0,6/23/2020
1280,0,0,0,0,0,0,0,6/21/2020
1547,0,0,0,0,0,0,0,6/21/2020
1615,0,0,0,0,0,0,0,6/21/2020
2362,1,0,1,0,0,0,0,6/21/2020
1873,0,0,0,0,0,0,0,6/20/2020
2288,1,0,1,1,1,0,1,6/20/2020
1826,1,0,1,0,1,0,1,6/19/2020
2154,0,1,0,0,0,0,0,6/18/2020
1023,0,0,0,0,0,0,0,6/17/2020
1832,0,0,0,0,0,0,0,6/17/2020
1992,0,0,0,0,0,0,0,6/17/2020
2294,0,0,0,0,0,0,0,6/17/2020
2823,0,0,0,0,0,0,0,6/17/2020
2638,0,0,0,0,0,0,0,6/16/2020
2779,1,0,0,0,0,0,0,6/16/2020
3102,0,0,0,0,0,0,0,6/16/2020
3156,0,0,0,0,0,0,0,6/16/2020
3192,1,0,0,0,0,0,0,6/15/2020
3207,1,0,0,0,0,0,0,6/15/2020
1530,0,0,0,0,0,0,1,6/13/2020
2302,0,0,1,0,0,0,0,6/13/2020
2907,0,0,0,0,0,0,0,6/13/2020
1852,0,1,0,0,0,0,0,6/12/2020
1152,0,0,0,0,0,0,0,6/11/2020
2939,0,0,0,0,0,0,0,6/11/2020
1638,0,0,0,0,0,0,0,6/10/2020
1889,0,0,0,0,0,0,0,6/10/2020
1333,1,0,0,0,0,0,0,6/9/2020
1374,0,0,1,0,0,0,0,6/9/2020
1959,0,0,0,0,0,0,0,6/9/2020
1659,0,0,0,0,0,0,0,6/8/2020
2683,0,0,0,0,0,0,0,6/8/2020
2974,0,0,0,0,0,0,0,6/8/2020
1444,0,0,0,1,0,0,1,6/7/2020
1723,0,0,0,0,0,0,0,6/7/2020
1035,0,0,0,0,0,0,0,6/6/2020
1731,0,0,0,0,0,0,0,6/6/2020
2183,0,0,0,0,0,0,0,6/6/2020
1464,0,0,0,0,0,0,0,6/5/2020
1908,0,1,0,0,0,0,0,6/5/2020
2356,0,0,0,0,0,0,0,6/5/2020
1183,0,0,0,0,0,0,0,6/4/2020
1431,1,0,0,1,0,0,0,6/4/2020
2338,0,0,0,0,0,0,0,6/4/2020
2590,0,0,0,0,0,0,1,6/4/2020
2642,0,0,0,0,0,0,0,6/4/2020
1606,0,0,0,0,0,0,0,6/3/2020
1278,0,0,0,0,0,0,0,6/2/2020
1291,0,0,0,0,0,0,0,6/2/2020
3024,0,0,0,0,0,0,0,6/2/2020
3034,0,0,0,0,0,0,0,6/2/2020
1226,0,0,0,0,0,0,0,6/1/2020
1685,0,0,0,0,0,0,0,6/1/2020
1897,0,0,0,0,0,0,0,6/1/2020
2348,0,0,0,0,0,0,0,6/1/2020
1644,0,0,0,0,0,0,0,5/31/2020
1733,0,0,0,0,0,0,0,5/31/2020
2351,0,0,0,0,0,0,0,5/31/2020
3044,0,0,0,0,0,0,0,5/31/2020
2104,0,0,0,0,0,0,0,5/30/2020
2565,0,0,0,1,0,0,0,5/30/2020
2976,0,0,0,0,0,0,0,5/30/2020
1523,0,0,0,0,0,0,0,5/29/2020
1661,0,0,0,0,0,0,0,5/29/2020
2409,0,0,0,0,0,0,0,5/29/2020
3136,1,0,1,1,0,0,0,5/29/2020
1433,0,0,0,0,0,0,0,5/28/2020
1420,0,0,0,0,0,0,0,5/27/2020
2446,0,0,0,0,0,0,0,5/27/2020
1425,0,0,0,0,0,0,0,5/26/2020
2110,0,0,0,0,0,0,1,5/26/2020
2512,0,0,0,0,0,0,0,5/26/2020
1666,0,0,0,0,0,0,0,5/25/2020
2408,0,0,1,1,0,0,0,5/25/2020
1759,0,0,0,0,0,0,0,5/24/2020
1300,0,0,0,0,0,0,0,5/23/2020
1334,0,0,0,0,0,0,0,5/23/2020
1845,0,0,0,0,0,0,0,5/23/2020
2383,0,0,0,0,0,0,0,5/23/2020
1655,0,0,0,0,0,0,0,5/22/2020
1870,0,0,0,0,0,0,0,5/22/2020
2257,1,0,0,0,0,0,0,5/22/2020
2965,0,0,0,1,0,0,1,5/22/2020
2836,0,0,0,0,0,0,0,5/21/2020
3118,0,0,0,0,0,0,0,5/21/2020
1780,0,0,0,0,0,0,0,5/20/2020
2697,0,1,1,1,0,0,1,5/20/2020
1630,0,0,0,0,0,0,0,5/19/2020
1781,0,0,0,0,0,0,0,5/19/2020
1752,0,0,0,0,0,0,0,5/18/2020
2308,0,0,0,0,0,0,0,5/18/2020
2622,0,0,0,0,0,0,0,5/18/2020
1868,0,0,0,0,0,0,0,5/17/2020
2470,0,0,0,0,0,0,0,5/17/2020
2557,0,0,0,0,0,0,0,5/17/2020
2714,0,0,0,0,0,0,0,5/17/2020
1097,0,0,0,0,0,0,0,5/16/2020
2619,0,0,0,0,0,0,0,5/16/2020
1189,0,0,0,0,0,0,0,5/15/2020
1223,0,0,0,0,0,0,0,5/15/2020
1375,0,0,0,0,0,0,0,5/15/2020
1727,0,0,0,0,0,0,0,5/15/2020
2762,0,0,0,0,0,0,0,5/15/2020
1194,1,0,0,0,0,0,0,5/14/2020
1246,0,0,0,0,0,0,0,5/14/2020
1325,0,0,0,0,0,0,0,5/13/2020
2274,0,0,0,0,0,0,0,5/13/2020
2513,0,0,0,0,0,0,1,5/13/2020
2781,0,0,0,0,0,0,0,5/13/2020
2819,0,0,0,0,0,0,0,5/13/2020
1060,0,0,0,0,0,0,0,5/12/2020
1929,0,0,0,0,0,0,0,5/12/2020
2243,1,0,0,1,0,0,0,5/11/2020
3010,0,0,0,0,0,0,0,5/11/2020
1224,0,0,0,0,0,0,0,5/10/2020
1409,0,0,0,0,0,0,0,5/10/2020
1884,0,0,0,0,0,0,0,5/10/2020
3084,0,0,0,0,0,0,0,5/10/2020
1531,0,0,0,0,0,0,0,5/9/2020
1490,0,0,0,0,0,0,0,5/8/2020
1888,0,0,0,0,0,0,0,5/8/2020
2558,0,0,0,0,0,0,0,5/8/2020
1090,0,0,0,1,0,0,0,5/7/2020
1168,0,0,0,1,0,0,0,5/7/2020
1437,0,0,0,0,0,0,0,5/7/2020
2472,0,0,0,0,0,0,0,5/7/2020
3018,0,0,0,0,0,0,0,5/7/2020
3020,0,0,0,0,0,0,0,5/6/2020
1339,0,0,0,0,0,1,0,5/5/2020
2220,0,0,0,0,0,0,0,5/5/2020
2260,0,0,0,0,0,0,0,5/5/2020
3017,0,0,0,0,0,0,0,5/5/2020
1230,0,0,0,1,0,0,1,5/4/2020
2758,0,0,0,0,0,0,0,5/4/2020
1478,0,1,0,0,0,0,0,5/3/2020
1510,0,0,0,0,0,0,0,5/3/2020
2712,0,0,1,0,0,0,0,5/2/2020
3006,0,0,0,0,0,0,0,5/2/2020
3188,0,0,0,0,0,0,0,5/2/2020
1417,0,0,0,0,0,0,0,5/1/2020
1967,0,0,0,0,0,0,0,5/1/2020
2347,0,0,0,0,0,0,0,5/1/2020
1707,0,0,0,1,0,0,0,4/29/2020
1795,0,0,0,0,0,0,0,4/29/2020
2341,1,0,0,0,0,0,0,4/29/2020
2929,0,0,0,0,0,0,0,4/29/2020
3113,0,0,1,0,0,0,1,4/29/2020
3137,0,0,0,0,0,0,0,4/29/2020
1028,0,0,1,0,0,0,0,4/28/2020
1811,0,0,0,0,0,0,0,4/28/2020
2187,0,0,1,0,0,0,0,4/28/2020
1689,1,0,0,0,0,0,0,4/27/2020
1887,0,0,0,1,0,0,1,4/27/2020
1400,1,0,0,0,0,0,0,4/26/2020
2677,0,0,0,0,0,0,0,4/26/2020
2905,0,0,0,0,0,0,0,4/26/2020
1613,0,0,0,0,0,0,0,4/25/2020
2127,1,0,0,0,0,0,1,4/25/2020
2643,0,0,0,0,0,0,0,4/25/2020
1155,1,0,0,0,0,0,0,4/24/2020
1899,0,0,0,0,0,0,0,4/23/2020
1910,0,0,0,0,0,0,0,4/23/2020
1954,0,0,0,0,0,0,0,4/23/2020
2309,1,0,0,0,0,0,1,4/23/2020
1012,0,0,0,0,0,0,0,4/21/2020
1013,0,0,0,0,0,0,0,4/21/2020
1205,0,1,1,0,0,0,0,4/21/2020
1485,0,0,0,0,0,0,0,4/21/2020
2086,0,0,0,1,0,0,0,4/21/2020
1111,0,0,0,0,0,0,0,4/20/2020
1131,0,0,0,0,0,0,1,4/20/2020
1209,0,0,0,0,0,0,0,4/20/2020
1365,0,0,0,0,0,0,0,4/20/2020
1470,0,0,0,0,0,0,0,4/20/2020
1643,0,0,0,0,0,0,0,4/20/2020
1154,0,0,0,0,0,0,0,4/19/2020
2156,0,0,0,0,0,0,0,4/19/2020
2428,0,0,0,0,0,0,1,4/19/2020
2129,0,0,0,0,0,0,0,4/18/2020
3007,0,0,0,0,0,0,0,4/18/2020
1329,0,0,0,0,0,0,0,4/16/2020
1576,0,0,0,0,0,0,0,4/16/2020
2465,0,0,0,0,0,0,0,4/16/2020
1977,0,0,0,1,0,0,0,4/15/2020
1653,0,0,0,0,0,0,0,4/14/2020
1312,0,0,0,0,0,0,0,4/13/2020
1524,0,0,0,0,0,0,0,4/13/2020
1651,0,0,0,0,0,0,0,4/13/2020
1892,0,0,0,0,0,0,0,4/13/2020
2346,0,0,0,0,0,0,0,4/13/2020
2862,1,0,0,0,0,0,1,4/13/2020
2949,0,0,0,0,0,0,0,4/13/2020
2980,0,0,0,0,0,0,0,4/13/2020
1538,0,0,0,0,0,0,1,4/12/2020
1622,1,0,0,0,0,0,0,4/12/2020
2293,0,0,0,0,0,0,0,4/12/2020
2731,0,0,0,0,0,0,0,4/12/2020
3058,0,0,0,0,0,0,0,4/12/2020
1548,0,0,0,0,0,0,0,4/11/2020
1784,0,0,0,0,0,0,0,4/11/2020
2125,0,0,0,0,0,0,0,4/11/2020
1786,0,0,0,0,0,0,0,4/10/2020
2537,0,0,0,0,0,0,0,4/10/2020
3148,0,0,0,0,0,0,0,4/10/2020
1513,0,0,0,0,0,0,0,4/9/2020
1679,0,0,0,0,0,0,0,4/9/2020
1980,0,0,0,0,0,0,0,4/9/2020
3098,0,0,0,0,0,0,0,4/9/2020
1102,0,0,0,0,0,0,0,4/8/2020
1157,0,0,0,0,0,0,0,4/8/2020
1674,0,0,0,0,0,0,0,4/8/2020
2453,0,0,0,0,0,0,0,4/8/2020
2764,0,0,0,0,0,0,0,4/8/2020
3082,0,0,0,0,0,0,0,4/7/2020
1467,0,0,0,0,0,0,0,4/5/2020
2410,0,0,0,0,0,0,0,4/5/2020
1774,0,0,0,0,0,0,0,4/4/2020
2115,0,1,1,1,0,0,1,4/4/2020
2188,0,0,0,0,0,0,0,4/4/2020
1227,0,1,0,0,0,0,0,4/3/2020
1298,0,0,0,0,0,0,0,4/3/2020
1336,0,0,0,0,0,0,1,4/3/2020
1597,0,0,0,0,0,0,0,4/3/2020
1743,0,0,0,0,0,0,0,4/3/2020
2454,0,0,0,0,0,0,0,4/3/2020
2549,0,0,0,0,0,0,0,4/3/2020
3132,0,0,0,0,0,0,0,4/3/2020
1238,0,0,0,0,0,0,0,4/2/2020
2193,1,0,0,0,0,0,0,4/2/2020
2592,0,0,0,0,0,0,0,4/2/2020
2084,0,0,0,0,0,0,0,4/1/2020
1968,1,0,1,1,0,0,1,3/31/2020
2277,0,0,0,0,0,0,0,3/31/2020
2424,0,0,0,0,0,0,0,3/31/2020
2484,0,0,0,0,0,0,0,3/31/2020
2605,0,0,0,0,0,0,0,3/31/2020
2659,0,0,0,0,0,0,0,3/31/2020
3035,0,0,0,0,0,0,0,3/31/2020
1665,0,0,0,0,0,0,0,3/30/2020
1917,0,0,0,0,0,0,0,3/30/2020
2878,0,0,0,0,0,0,0,3/30/2020
3147,0,0,0,0,0,0,0,3/30/2020
1829,0,0,0,0,0,0,0,3/29/2020
2737,0,0,0,0,0,0,0,3/29/2020
1388,0,1,0,0,0,0,1,3/28/2020
1880,0,0,0,0,0,0,0,3/28/2020
2941,0,0,0,0,0,0,0,3/28/2020
1641,1,0,0,0,0,0,0,3/27/2020
1788,0,0,0,0,0,0,0,3/27/2020
2331,0,0,0,0,0,0,1,3/27/2020
2607,0,0,0,0,0,0,0,3/27/2020
2963,0,0,0,0,0,0,0,3/27/2020
3060,0,0,0,0,0,0,0,3/27/2020
1496,0,1,0,0,0,0,0,3/26/2020
1566,0,0,0,0,0,0,0,3/26/2020
2744,1,0,0,0,0,0,0,3/26/2020
2870,0,0,0,0,0,0,0,3/26/2020
1581,0,0,0,0,0,0,0,3/25/2020
3042,0,0,0,0,0,0,0,3/25/2020
1662,0,0,0,0,0,0,0,3/24/2020
2235,0,0,0,0,0,0,0,3/24/2020
1148,0,0,0,0,0,0,0,3/23/2020
1436,0,0,0,0,0,0,0,3/23/2020
2967,0,0,1,0,0,0,1,3/23/2020
3002,0,0,0,0,0,0,0,3/23/2020
1370,0,1,0,0,0,0,1,3/22/2020
1714,0,0,0,0,0,0,0,3/22/2020
1791,0,0,0,0,0,0,0,3/22/2020
2097,1,0,0,0,0,0,1,3/22/2020
2318,0,0,0,0,0,0,0,3/22/2020
2458,0,0,0,0,0,0,0,3/22/2020
2421,0,0,0,0,0,0,0,3/21/2020
2573,1,0,0,0,0,0,0,3/21/2020
1190,0,0,0,0,0,0,0,3/20/2020
1944,0,0,0,0,0,0,0,3/20/2020
1964,0,0,0,0,0,0,0,3/20/2020
2838,0,0,0,0,0,0,0,3/20/2020
2028,0,0,0,0,0,0,0,3/19/2020
2145,0,0,0,0,0,0,0,3/19/2020
2397,0,0,0,0,0,0,0,3/19/2020
1288,0,0,0,0,0,0,0,3/18/2020
2067,0,0,0,0,0,0,0,3/18/2020
2191,0,1,0,0,0,0,0,3/18/2020
2207,0,1,0,0,0,0,0,3/18/2020
2526,0,0,0,0,0,0,0,3/18/2020
3117,0,0,0,0,0,0,0,3/18/2020
1709,0,0,0,0,0,0,0,3/17/2020
1958,0,0,0,0,0,0,0,3/17/2020
2366,0,0,0,0,0,0,0,3/17/2020
2796,0,0,0,0,0,0,0,3/17/2020
1455,0,0,0,0,0,0,1,3/16/2020
2112,0,0,0,0,0,0,0,3/16/2020
1430,0,0,0,0,0,0,0,3/15/2020
1715,0,1,1,1,0,0,0,3/15/2020
1982,0,0,1,1,0,0,1,3/15/2020
1343,0,0,0,0,0,0,0,3/14/2020
2081,1,0,1,1,0,0,1,3/14/2020
2246,1,0,1,1,0,0,1,3/14/2020
2610,0,0,0,0,0,0,0,3/14/2020
2655,0,0,0,1,0,0,0,3/14/2020
2805,0,0,0,0,0,0,0,3/14/2020
1379,0,0,0,0,0,0,0,3/12/2020
1855,0,0,0,0,0,0,0,3/12/2020
2101,0,0,0,0,0,0,0,3/12/2020
2199,0,0,0,0,0,0,0,3/12/2020
2591,0,0,0,0,0,0,0,3/11/2020
2950,0,0,0,0,0,0,0,3/11/2020
1225,0,0,0,0,0,0,0,3/10/2020
1256,0,0,0,0,0,0,0,3/10/2020
2218,0,1,1,0,1,0,0,3/10/2020
2339,0,0,0,0,0,0,0,3/10/2020
2797,0,0,0,0,0,0,0,3/10/2020
3057,0,0,0,0,0,0,0,3/10/2020
3094,0,1,1,0,1,0,0,3/10/2020
1732,0,0,0,0,0,0,0,3/9/2020
1741,0,0,0,0,0,0,0,3/9/2020
2222,0,0,0,0,0,0,0,3/9/2020
2367,0,0,0,0,0,0,0,3/9/2020
2771,0,0,0,0,0,0,0,3/9/2020
1042,0,0,0,0,0,0,0,3/8/2020
1362,0,0,0,0,0,0,0,3/8/2020
1558,0,0,0,0,0,0,0,3/8/2020
1814,0,0,0,0,0,0,0,3/8/2020
2613,0,0,0,0,0,0,0,3/8/2020
3104,1,0,0,0,0,0,0,3/8/2020
3121,1,0,0,0,0,0,0,3/8/2020
2296,0,0,0,0,0,0,0,3/7/2020
2469,0,0,0,0,0,0,0,3/7/2020
2898,0,0,1,0,0,0,0,3/7/2020
1121,0,0,0,0,0,0,0,3/6/2020
1670,0,0,0,0,0,0,0,3/6/2020
1928,0,0,0,0,0,0,0,3/6/2020
2429,0,0,0,0,0,0,0,3/6/2020
3065,0,0,0,0,0,0,0,3/6/2020
1171,0,0,0,0,0,0,0,3/4/2020
1851,0,1,0,0,1,0,0,3/4/2020
2722,0,0,0,0,0,0,0,3/4/2020
2791,0,1,0,0,0,0,0,3/4/2020
2906,0,0,0,0,0,0,0,3/4/2020
3009,1,0,0,0,0,0,0,3/4/2020
1064,0,0,0,0,0,0,0,3/3/2020
1711,0,0,0,0,0,0,0,3/3/2020
2420,0,1,0,1,0,0,0,3/3/2020
2884,1,0,0,0,0,0,0,3/2/2020
1649,0,0,0,0,0,0,0,3/1/2020
2027,0,0,0,0,0,0,0,3/1/2020
2307,0,0,0,0,0,0,0,3/1/2020
1098,0,0,0,0,0,0,0,2/29/2020
1848,0,0,0,0,0,0,0,2/29/2020
2617,1,0,1,0,1,0,1,2/28/2020
2680,0,0,0,0,0,0,0,2/28/2020
1445,0,0,0,0,0,0,0,2/27/2020
2202,0,0,0,0,0,0,0,2/27/2020
2205,0,0,0,0,0,0,0,2/27/2020
3026,0,0,0,1,0,0,0,2/27/2020
2417,0,0,0,0,0,0,0,2/26/2020
2098,1,0,0,0,0,0,1,2/25/2020
2494,0,0,0,0,0,0,0,2/25/2020
2952,0,0,0,0,0,0,0,2/25/2020
1185,0,0,1,0,0,0,0,2/24/2020
1579,0,0,0,0,0,0,1,2/24/2020
1738,0,0,0,0,0,0,0,2/24/2020
1515,0,0,0,0,0,0,0,2/23/2020
2018,0,0,0,0,0,0,0,2/23/2020
2312,0,1,0,1,0,0,0,2/23/2020
2926,0,0,0,0,0,0,0,2/23/2020
2979,0,0,0,0,0,0,0,2/23/2020
1586,0,0,0,0,0,0,0,2/22/2020
1681,0,0,0,0,0,0,0,2/22/2020
1856,1,0,1,1,0,0,0,2/22/2020
2315,0,0,0,0,0,0,0,2/22/2020
2983,0,0,0,0,0,0,0,2/22/2020
1237,0,0,0,0,0,0,0,2/21/2020
1262,0,0,0,0,0,0,0,2/21/2020
1562,0,0,0,0,0,0,0,2/21/2020
1632,0,0,0,0,0,0,0,2/21/2020
2403,0,0,0,0,0,0,0,2/21/2020
1729,1,0,0,0,0,0,0,2/20/2020
2531,0,0,0,0,0,0,0,2/20/2020
2800,0,0,0,0,0,0,0,2/20/2020
3045,0,0,0,0,0,0,0,2/20/2020
1571,0,0,0,0,0,0,0,2/19/2020
1556,0,0,0,0,0,0,0,2/18/2020
1147,0,0,0,0,0,0,0,2/17/2020
1760,0,0,0,0,0,0,0,2/17/2020
1946,0,0,0,0,0,0,0,2/17/2020
1960,1,0,0,0,0,0,0,2/17/2020
2100,0,0,0,0,0,0,0,2/17/2020
2234,0,0,0,0,0,0,0,2/17/2020
1316,0,0,0,0,0,0,0,2/16/2020
1578,0,0,0,0,0,0,0,2/16/2020
2181,0,0,0,0,0,0,0,2/16/2020
2639,0,0,0,0,0,0,0,2/16/2020
2809,0,0,0,0,0,0,1,2/16/2020
3022,0,0,1,1,0,0,0,2/16/2020
1107,0,0,0,0,0,0,0,2/15/2020
1295,0,1,0,0,0,0,0,2/15/2020
2735,0,0,0,0,0,0,0,2/15/2020
2829,0,0,0,0,0,0,1,2/15/2020
1006,0,0,0,0,0,0,0,2/14/2020
1544,0,0,0,0,0,0,0,2/14/2020
2493,0,0,0,0,0,0,0,2/14/2020
2811,0,0,0,0,0,0,0,2/14/2020
2863,0,0,0,0,0,0,0,2/14/2020
1421,0,0,0,0,0,0,0,2/12/2020
1551,0,0,0,0,0,0,0,2/12/2020
2739,0,0,0,0,0,0,0,2/12/2020
2841,0,0,0,0,0,0,0,2/11/2020
2881,0,0,0,0,0,0,0,2/11/2020
3039,0,0,0,0,0,0,0,2/11/2020
2271,0,0,0,0,0,0,0,2/10/2020
2646,0,0,0,0,0,0,0,2/10/2020
2693,0,0,0,0,0,0,0,2/10/2020
2900,0,0,0,0,0,0,0,2/10/2020
1073,0,0,0,0,0,1,0,2/9/2020
1114,0,0,0,0,0,0,0,2/9/2020
1036,0,0,0,0,0,0,0,2/7/2020
2522,0,0,0,0,0,0,0,2/7/2020
1749,0,0,0,0,0,0,0,2/6/2020
1800,0,0,0,0,0,0,0,2/6/2020
2177,0,0,0,0,0,0,0,2/6/2020
1206,0,0,0,0,0,0,0,2/5/2020
1640,0,0,0,0,0,0,0,2/5/2020
2328,0,1,0,0,0,0,0,2/5/2020
2606,0,0,0,0,0,0,0,2/5/2020
2793,0,0,0,0,0,0,0,2/5/2020
2818,0,0,0,0,0,0,0,2/5/2020
2914,0,0,0,0,0,0,0,2/5/2020
3059,0,0,0,0,0,0,1,2/5/2020
1757,0,0,0,0,0,0,0,2/4/2020
2095,0,0,0,0,0,0,0,2/4/2020
2579,0,0,0,0,0,0,0,2/4/2020
1034,0,0,0,0,0,0,0,2/3/2020
1356,1,0,0,0,0,0,0,2/3/2020
1133,0,0,0,0,0,0,0,2/2/2020
1137,0,0,0,0,0,1,0,2/2/2020
1156,0,1,0,0,0,0,0,2/2/2020
2096,0,1,1,0,0,0,0,2/2/2020
2686,1,0,1,1,0,0,1,2/2/2020
2231,0,0,1,1,0,0,1,2/1/2020
2292,0,0,0,0,0,0,0,1/31/2020
2569,0,0,0,0,0,0,0,1/31/2020
3085,0,0,0,0,0,0,0,1/31/2020
1672,0,0,0,0,0,0,0,1/30/2020
2168,0,0,0,1,0,0,0,1/30/2020
2801,0,0,0,0,0,0,0,1/30/2020
2940,0,0,0,0,0,0,0,1/29/2020
1502,0,0,0,0,0,0,0,1/28/2020
1561,0,0,0,0,0,0,0,1/28/2020
2073,0,0,0,0,0,0,0,1/28/2020
1422,0,0,0,0,0,0,0,1/27/2020
2167,0,0,0,0,0,0,0,1/27/2020
2459,0,0,0,0,0,0,0,1/27/2020
1003,0,0,0,0,0,0,0,1/26/2020
1966,0,0,0,0,0,0,0,1/26/2020
2007,1,0,0,0,0,0,1,1/26/2020
3165,1,0,0,0,0,0,0,1/26/2020
1149,0,0,0,0,0,0,0,1/25/2020
1342,0,0,0,0,0,1,0,1/25/2020
1573,0,0,0,0,0,0,0,1/25/2020
2058,0,0,0,0,0,0,0,1/25/2020
2249,0,0,0,0,0,0,0,1/25/2020
2357,1,0,0,0,0,0,1,1/25/2020
2363,0,0,0,0,0,0,0,1/25/2020
2596,0,1,0,0,0,0,0,1/25/2020
2641,0,0,0,0,0,0,0,1/25/2020
2738,0,0,0,0,0,0,0,1/25/2020
1594,0,0,0,0,0,0,0,1/24/2020
1947,0,0,1,1,0,0,1,1/24/2020
2437,0,0,0,0,0,1,0,1/24/2020
1628,0,0,0,0,0,0,0,1/23/2020
2064,0,0,0,0,0,0,0,1/22/2020
2124,0,0,0,0,0,0,0,1/22/2020
2185,0,0,0,0,0,0,0,1/22/2020
2588,1,0,0,0,0,0,1,1/22/2020
1506,0,0,0,0,0,0,0,1/21/2020
1882,0,0,0,0,0,0,0,1/21/2020
2240,0,0,1,1,0,0,0,1/21/2020
1328,1,0,0,0,0,0,1,1/20/2020
1386,0,0,0,0,0,0,0,1/20/2020
1965,0,0,1,1,0,0,1,1/20/2020
2209,0,0,0,0,0,0,0,1/20/2020
2767,0,0,1,0,0,0,0,1/20/2020
1124,0,0,0,0,0,0,0,1/19/2020
1979,1,0,0,0,0,0,0,1/18/2020
2830,0,1,0,1,0,0,0,1/17/2020
1080,0,0,0,0,0,0,0,1/16/2020
1465,0,0,0,0,0,0,0,1/16/2020
1879,0,0,0,0,0,0,0,1/16/2020
3090,0,0,0,0,0,0,0,1/15/2020
1920,0,0,0,0,0,0,0,1/14/2020
2038,0,0,0,0,0,0,0,1/14/2020
2589,0,0,0,0,0,0,0,1/14/2020
2798,0,0,0,0,0,0,0,1/14/2020
1522,0,0,0,0,0,0,0,1/13/2020
1802,0,0,0,0,0,0,0,1/13/2020
1527,0,1,1,0,0,0,1,1/12/2020
1695,0,0,0,0,0,0,0,1/12/2020
1877,0,0,0,0,0,0,1,1/12/2020
1898,0,1,1,0,0,0,1,1/12/2020
1963,0,0,0,0,0,0,0,1/12/2020
2076,0,0,0,0,0,0,0,1/12/2020
2837,0,0,0,0,0,0,0,1/12/2020
1426,0,0,0,0,0,0,0,1/11/2020
2753,0,0,0,0,0,0,0,1/11/2020
2987,0,1,1,1,0,0,1,1/11/2020
1821,0,0,0,0,0,0,0,1/10/2020
2765,0,0,0,0,0,0,0,1/10/2020
3043,0,0,0,0,0,0,0,1/10/2020
3168,0,0,0,0,0,0,0,1/10/2020
2732,0,0,0,0,0,0,1,1/9/2020
1542,0,0,0,0,0,0,0,1/8/2020
2088,0,0,0,0,0,0,0,1/8/2020
1176,0,0,0,0,0,0,0,1/7/2020
2083,0,0,0,0,0,0,0,1/7/2020
2166,0,0,0,0,0,0,0,1/7/2020
3095,0,0,0,0,0,0,0,1/7/2020
1557,0,0,0,0,0,0,0,1/6/2020
1724,0,0,0,0,0,0,0,1/6/2020
2009,0,0,0,0,0,0,0,1/6/2020
2754,0,0,0,0,0,0,0,1/6/2020
3130,0,0,0,0,0,0,0,1/6/2020
1229,0,0,0,0,0,0,0,1/5/2020
2272,0,0,0,0,0,0,0,1/5/2020
2025,0,0,0,0,0,0,1,1/4/2020
2204,1,0,0,0,0,0,0,1/4/2020
2371,0,0,0,0,0,0,0,1/4/2020
2645,0,1,0,1,0,0,1,1/4/2020
3182,0,0,0,0,0,0,0,1/4/2020
1302,0,0,0,0,0,0,0,1/3/2020
1652,0,0,0,0,0,0,0,1/3/2020
2298,0,0,0,0,0,0,0,1/3/2020
2313,0,0,0,0,0,0,0,1/3/2020
3141,0,0,0,0,0,0,0,1/3/2020
1129,0,0,0,0,0,0,0,1/2/2020
1825,0,0,0,0,0,0,0,1/1/2020
2468,1,0,1,1,0,0,1,1/1/2020
2581,0,0,0,0,0,0,0,1/1/2020
1599,0,0,0,0,0,0,0,12/31/2019
1676,0,0,0,0,0,0,0,12/31/2019
1664,0,0,0,0,0,0,0,12/30/2019
2042,1,0,0,0,0,0,0,12/30/2019
2344,0,1,0,0,0,0,0,12/30/2019
2633,0,0,0,0,0,0,0,12/29/2019
3083,0,0,0,0,0,0,0,12/29/2019
1092,0,0,0,0,0,0,0,12/28/2019
1863,0,0,0,0,0,0,0,12/28/2019
2662,0,1,0,0,1,0,1,12/28/2019
2289,0,0,0,0,0,0,0,12/27/2019
2629,0,0,0,0,0,0,0,12/27/2019
2137,0,0,0,0,0,0,1,12/26/2019
2264,0,0,0,0,0,0,0,12/26/2019
2535,0,0,0,0,0,0,0,12/26/2019
2790,0,0,0,0,0,0,0,12/26/2019
3032,0,0,0,0,0,0,0,12/26/2019
1922,0,0,0,0,0,0,0,12/25/2019
1491,0,0,0,0,0,0,0,12/24/2019
1773,1,0,0,0,0,0,0,12/24/2019
2664,0,0,0,0,0,0,0,12/24/2019
2665,0,0,0,0,0,0,0,12/24/2019
2792,0,0,0,0,0,0,1,12/24/2019
1595,0,0,0,0,0,0,0,12/23/2019
2055,0,0,0,0,0,0,0,12/23/2019
2416,0,0,0,0,0,0,0,12/23/2019
1192,0,0,0,0,0,0,0,12/22/2019
2197,0,0,0,0,0,0,0,12/22/2019
1081,0,1,0,0,0,0,0,12/21/2019
1304,0,0,0,0,0,0,0,12/21/2019
2232,0,1,0,0,0,0,0,12/21/2019
2854,0,0,0,0,0,0,0,12/20/2019
3177,0,0,0,0,0,0,0,12/20/2019
1604,0,0,0,0,0,0,0,12/19/2019
1883,0,0,0,0,0,0,0,12/19/2019
1894,0,0,0,0,0,0,1,12/19/2019
1919,0,0,0,0,0,0,0,12/19/2019
1160,0,0,0,0,0,0,0,12/18/2019
1429,0,0,0,0,0,0,0,12/18/2019
2769,1,0,0,0,0,0,0,12/18/2019
1272,0,0,0,0,0,0,0,12/17/2019
1673,0,0,0,0,0,0,0,12/17/2019
1691,0,0,0,0,0,0,0,12/17/2019
1961,0,0,0,0,0,0,0,12/17/2019
1110,0,0,0,0,0,0,0,12/16/2019
1603,0,0,0,0,0,0,0,12/16/2019
1563,0,0,0,0,0,0,0,12/14/2019
2482,0,0,0,0,0,0,0,12/14/2019
2936,0,1,1,0,1,0,1,12/14/2019
1146,0,0,0,0,0,0,0,12/13/2019
2440,0,0,0,0,0,0,0,12/13/2019
2822,0,0,0,0,0,0,0,12/13/2019
2925,0,0,0,0,0,0,0,12/13/2019
1127,0,0,0,0,0,0,0,12/12/2019
2002,0,0,0,0,0,0,0,12/12/2019
3047,0,0,0,0,0,0,0,12/12/2019
2131,0,0,0,0,0,0,0,12/11/2019
2244,0,0,0,0,0,0,0,12/11/2019
2666,0,0,0,0,0,0,0,12/11/2019
3116,0,0,0,0,0,0,0,12/11/2019
1310,0,0,0,0,0,0,0,12/10/2019
1552,0,0,0,0,0,0,0,12/10/2019
2030,0,1,0,0,0,0,0,12/10/2019
2147,0,0,0,0,0,0,0,12/10/2019
3049,0,0,0,0,0,0,0,12/10/2019
1056,0,1,1,0,0,0,1,12/9/2019
1277,1,0,0,0,0,0,0,12/9/2019
1424,0,0,0,0,0,0,0,12/9/2019
2219,0,0,0,0,0,0,0,12/9/2019
2832,0,0,0,0,0,0,0,12/9/2019
3189,0,1,1,0,0,0,1,12/9/2019
1077,0,0,0,0,0,0,0,12/8/2019
1751,0,0,0,0,0,0,0,12/8/2019
2056,0,0,0,1,0,0,0,12/8/2019
2360,0,0,0,0,0,0,0,12/8/2019
2935,0,0,0,0,0,0,0,12/8/2019
1311,0,0,0,0,0,0,0,12/7/2019
1819,0,0,0,0,0,0,0,12/7/2019
1866,0,0,0,0,0,0,0,12/7/2019
1150,0,0,0,0,0,0,0,12/6/2019
1306,0,0,0,0,0,0,0,12/6/2019
3200,0,0,0,0,0,0,0,12/6/2019
3215,0,0,0,0,0,0,0,12/6/2019
1319,0,0,0,0,0,0,0,12/5/2019
1501,0,0,0,0,0,0,0,12/5/2019
1857,0,0,0,0,0,0,0,12/5/2019
1891,0,0,0,0,0,0,0,12/4/2019
2011,0,0,1,0,0,0,1,12/4/2019
2212,0,0,0,0,0,0,0,12/4/2019
2196,0,0,0,0,0,0,1,12/3/2019
2285,0,0,0,0,0,0,0,12/3/2019
3139,0,1,1,0,1,0,1,12/3/2019
2576,0,0,0,0,0,0,0,12/2/2019
2615,0,0,0,0,0,0,0,12/2/2019
2652,0,0,0,0,0,0,0,12/2/2019
3122,0,0,0,0,0,0,0,12/2/2019
1471,0,0,0,0,0,0,0,12/1/2019
1546,0,0,0,0,0,0,0,11/30/2019
2358,0,1,0,0,0,0,0,11/30/2019
2278,0,1,0,0,0,0,0,11/29/2019
2466,0,0,0,0,0,0,1,11/29/2019
3133,0,0,0,0,0,0,0,11/29/2019
1076,0,0,0,0,0,0,0,11/28/2019
1330,0,0,0,0,0,0,0,11/28/2019
2902,0,0,0,0,0,0,0,11/28/2019
1358,0,0,0,0,0,0,1,11/27/2019
2074,0,0,0,0,0,0,0,11/27/2019
2962,0,0,0,0,0,0,0,11/27/2019
1419,0,0,0,0,0,0,0,11/26/2019
1488,0,0,0,0,0,0,0,11/26/2019
1492,0,0,0,0,0,0,0,11/26/2019
2554,0,0,0,0,0,0,0,11/26/2019
1091,0,0,0,0,0,0,0,11/25/2019
1112,0,0,0,0,0,0,0,11/25/2019
2121,0,0,0,0,0,0,0,11/25/2019
2327,0,0,0,0,0,0,0,11/25/2019
2441,0,0,0,0,0,0,0,11/25/2019
1255,0,0,0,0,0,0,0,11/24/2019
2609,0,0,0,0,0,0,0,11/24/2019
2640,0,0,0,0,0,0,0,11/24/2019
3186,0,0,0,0,0,0,0,11/24/2019
1765,0,0,0,0,0,0,0,11/23/2019
3166,1,0,0,0,0,0,1,11/23/2019
1518,0,0,0,0,0,0,0,11/22/2019
2612,0,0,0,0,0,0,0,11/22/2019
2904,0,0,0,0,0,0,0,11/22/2019
1545,0,0,0,0,0,0,0,11/21/2019
1660,1,0,0,0,0,0,1,11/21/2019
1363,0,0,0,0,0,0,0,11/19/2019
2533,0,0,0,0,0,0,0,11/19/2019
2770,0,0,0,0,0,0,0,11/19/2019
1276,0,0,0,0,0,0,0,11/18/2019
1327,0,0,0,0,0,0,0,11/18/2019
1831,0,0,0,0,0,0,0,11/18/2019
2874,0,0,0,0,0,0,0,11/18/2019
3201,0,0,0,0,0,0,0,11/18/2019
3216,0,0,0,0,0,0,0,11/18/2019
1051,0,0,0,0,0,0,0,11/17/2019
1713,0,0,0,0,0,0,0,11/17/2019
2846,0,0,0,0,0,0,0,11/17/2019
1059,0,0,0,0,0,0,0,11/16/2019
1846,0,0,0,0,0,0,0,11/16/2019
1921,0,0,0,0,0,0,0,11/15/2019
2391,0,0,0,0,0,0,0,11/15/2019
2958,0,0,0,0,0,0,0,11/15/2019
3075,0,0,0,0,0,0,0,11/15/2019
1432,0,0,0,0,0,0,0,11/14/2019
2268,0,0,0,0,0,0,0,11/13/2019
2485,0,0,0,0,0,0,0,11/13/2019
2748,0,0,0,0,0,0,0,11/13/2019
2780,0,0,0,0,0,0,0,11/13/2019
3077,0,0,0,0,0,0,0,11/13/2019
1009,0,0,0,0,0,0,1,11/11/2019
1392,0,0,0,0,0,0,0,11/11/2019
2301,0,0,0,0,0,0,0,11/11/2019
1245,0,0,0,0,0,0,0,11/9/2019
1407,0,1,1,0,0,0,1,11/9/2019
1528,0,0,0,0,0,0,0,11/9/2019
1582,0,0,0,0,0,0,0,11/9/2019
1619,0,0,0,0,0,0,0,11/9/2019
2782,0,0,0,0,0,0,0,11/9/2019
1607,0,0,0,1,0,0,0,11/8/2019
1609,0,0,0,0,0,0,0,11/8/2019
2496,0,0,0,0,0,0,1,11/8/2019
2648,0,0,0,1,0,0,0,11/8/2019
2816,0,1,1,1,0,0,1,11/8/2019
3131,0,0,0,1,0,0,0,11/8/2019
3079,0,0,0,0,0,0,0,11/7/2019
2578,0,1,0,0,0,0,0,11/6/2019
3012,0,0,0,0,0,0,0,11/6/2019
1027,0,0,0,0,0,0,0,11/5/2019
2892,0,0,0,0,0,0,0,11/5/2019
1181,0,0,0,0,0,0,0,11/4/2019
2342,0,0,0,0,0,0,0,11/4/2019
1675,0,0,0,0,0,0,1,11/3/2019
2020,0,0,0,0,0,0,0,11/3/2019
2149,0,0,0,0,0,0,0,11/3/2019
2723,0,0,0,0,0,0,0,11/3/2019
1923,0,0,1,0,0,0,1,11/2/2019
1998,0,0,0,0,0,0,0,11/2/2019
2631,0,0,0,0,0,0,0,11/2/2019
3066,0,0,0,0,0,0,0,11/2/2019
1026,0,0,0,0,0,0,0,11/1/2019
1750,0,0,0,0,0,0,0,10/31/2019
2497,0,0,0,0,0,0,0,10/31/2019
2519,0,0,0,0,0,0,0,10/31/2019
2734,0,0,0,0,0,0,0,10/31/2019
1494,1,0,0,0,0,0,0,10/30/2019
1045,0,0,0,0,0,0,0,10/29/2019
2146,0,0,0,0,0,0,0,10/28/2019
2670,0,0,0,0,0,0,0,10/28/2019
2803,0,0,0,0,0,0,0,10/28/2019
1248,0,0,0,0,0,0,0,10/27/2019
1543,0,1,1,1,1,0,1,10/27/2019
1805,0,1,1,1,1,0,1,10/27/2019
1918,0,0,0,1,0,0,0,10/27/2019
2190,0,0,0,0,0,0,0,10/27/2019
2242,0,0,1,0,0,0,1,10/27/2019
2804,0,0,0,0,0,0,1,10/27/2019
1061,0,0,0,0,0,0,1,10/26/2019
3064,0,0,0,0,0,0,0,10/26/2019
1233,0,1,1,1,0,0,1,10/25/2019
2082,0,0,0,0,0,0,0,10/25/2019
2387,0,1,1,1,0,0,1,10/25/2019
2691,0,0,0,0,0,0,0,10/25/2019
2985,0,0,0,0,0,0,0,10/25/2019
3151,0,0,0,0,0,0,0,10/25/2019
2826,0,0,0,0,0,0,0,10/24/2019
2858,0,1,0,0,0,0,0,10/24/2019
1900,0,0,0,1,0,0,0,10/23/2019
2624,0,0,0,0,0,0,1,10/23/2019
1095,0,0,0,0,0,0,0,10/22/2019
1180,0,0,0,0,0,0,0,10/22/2019
1350,0,0,0,0,0,0,0,10/22/2019
1985,0,0,0,0,0,0,0,10/22/2019
2103,0,0,0,0,0,0,0,10/22/2019
2158,0,0,0,0,0,0,0,10/22/2019
1648,0,0,0,0,0,0,0,10/21/2019
1220,0,0,0,0,0,0,0,10/20/2019
1369,0,0,0,0,0,0,0,10/20/2019
2507,0,1,0,0,0,0,0,10/20/2019
2636,0,0,0,0,0,0,0,10/20/2019
1694,0,0,0,0,0,0,0,10/19/2019
1195,0,0,0,0,0,0,0,10/18/2019
1726,0,0,1,0,0,0,0,10/17/2019
1969,0,0,0,0,0,0,0,10/17/2019
1988,0,0,1,0,0,0,0,10/17/2019
2443,0,0,1,0,0,0,0,10/17/2019
1030,0,0,0,0,0,0,0,10/16/2019
1078,0,0,0,0,0,0,0,10/16/2019
1340,0,1,0,0,0,0,0,10/16/2019
1498,0,0,0,0,0,0,0,10/16/2019
1809,0,0,0,0,0,0,0,10/16/2019
1896,0,0,0,0,0,0,0,10/16/2019
1934,0,0,0,0,0,0,0,10/16/2019
2880,0,0,0,0,0,0,0,10/16/2019
1744,1,0,0,0,0,0,1,10/15/2019
1830,0,0,0,0,0,0,0,10/15/2019
1990,0,0,0,0,0,0,0,10/15/2019
2621,0,0,0,0,0,0,0,10/15/2019
1313,0,0,0,0,0,0,0,10/14/2019
1414,0,1,1,1,1,0,1,10/14/2019
1650,0,0,0,0,0,0,0,10/14/2019
1008,0,0,0,0,0,0,0,10/13/2019
1373,0,0,0,0,0,0,0,10/13/2019
2316,0,0,0,0,0,0,0,10/13/2019
2742,0,0,0,0,0,0,0,10/13/2019
1626,1,0,0,0,0,0,0,10/12/2019
1807,0,1,1,0,0,0,0,10/12/2019
3190,0,0,0,0,0,0,0,10/12/2019
1600,0,0,0,0,0,0,0,10/11/2019
1849,0,0,0,0,0,0,0,10/11/2019
2352,0,0,0,0,0,0,0,10/11/2019
2709,0,0,0,0,0,0,0,10/11/2019
2938,0,0,0,0,0,0,1,10/11/2019
1801,0,0,1,1,0,0,1,10/10/2019
1813,0,0,0,0,0,0,0,10/10/2019
1840,0,0,1,0,0,0,0,10/10/2019
1202,0,0,0,0,0,0,0,10/9/2019
2401,0,0,0,0,0,0,0,10/9/2019
2411,1,0,0,0,0,0,0,10/9/2019
2118,0,0,0,0,0,0,1,10/8/2019
2164,0,0,0,0,0,0,0,10/8/2019
2329,0,0,0,0,0,0,1,10/8/2019
1434,0,0,0,0,0,0,0,10/7/2019
1702,0,0,0,0,0,0,0,10/7/2019
2447,0,0,0,0,0,0,0,10/7/2019
2635,0,0,0,0,0,0,0,10/7/2019
3015,0,0,0,0,0,0,0,10/7/2019
1153,0,0,0,0,0,0,0,10/6/2019
2057,1,0,1,0,0,0,0,10/6/2019
2696,0,1,1,1,0,0,1,10/6/2019
2490,0,0,0,0,0,0,1,10/5/2019
1039,0,0,0,0,0,0,0,10/4/2019
3008,0,0,0,0,0,0,0,10/4/2019
2206,0,0,0,0,0,0,0,10/3/2019
2777,0,0,0,0,0,0,0,10/3/2019
1296,0,0,0,0,0,0,0,10/2/2019
1746,0,0,0,0,0,0,0,10/2/2019
1940,0,0,0,0,0,0,0,10/2/2019
2448,0,0,0,0,0,0,0,10/2/2019
2707,1,0,0,0,0,0,0,10/2/2019
1413,0,0,0,0,0,0,0,9/30/2019
1817,0,0,0,0,0,0,0,9/30/2019
1517,0,0,0,0,0,0,0,9/29/2019
1753,0,0,0,0,0,0,1,9/29/2019
1450,0,1,1,0,0,0,1,9/28/2019
2079,0,0,0,0,0,0,0,9/28/2019
2933,0,0,1,0,0,0,1,9/28/2019
1115,0,0,0,0,0,0,0,9/27/2019
2060,0,0,0,0,0,0,0,9/27/2019
2175,0,0,0,0,0,0,0,9/27/2019
2300,0,0,0,0,0,0,0,9/27/2019
2336,1,0,0,0,0,0,0,9/27/2019
3099,0,0,0,0,0,0,0,9/27/2019
1118,0,0,0,0,0,0,1,9/26/2019
1266,0,0,0,0,0,0,0,9/26/2019
1481,0,0,0,0,0,0,0,9/26/2019
2176,0,0,0,0,0,0,0,9/26/2019
2374,0,0,0,0,0,0,0,9/26/2019
1094,0,0,0,0,0,0,0,9/25/2019
1792,0,0,0,0,0,0,1,9/25/2019
2295,0,0,0,0,0,0,0,9/25/2019
1132,0,0,0,0,0,0,0,9/24/2019
1377,0,0,0,0,0,0,0,9/23/2019
1537,0,0,0,0,0,0,0,9/23/2019
1617,0,0,0,0,0,0,1,9/23/2019
1804,0,0,0,0,0,0,0,9/23/2019
2716,0,0,0,0,0,0,0,9/23/2019
2746,0,0,0,0,0,0,0,9/23/2019
1902,0,0,0,0,0,0,0,9/22/2019
2969,0,0,0,0,0,0,0,9/22/2019
1315,0,0,0,0,0,0,0,9/21/2019
1806,0,0,0,0,0,0,0,9/21/2019
1567,0,0,0,0,0,0,0,9/20/2019
1710,0,0,1,0,0,0,0,9/20/2019
2192,0,0,0,0,0,1,0,9/20/2019
2992,0,0,0,0,0,0,0,9/20/2019
1499,0,0,0,0,0,0,0,9/19/2019
1408,0,0,1,0,0,0,0,9/18/2019
1479,0,0,0,0,0,0,0,9/18/2019
1754,0,0,0,0,0,0,0,9/18/2019
1949,0,0,0,0,0,0,1,9/18/2019
2159,0,0,0,0,0,0,0,9/18/2019
2402,0,0,0,0,0,0,0,9/18/2019
2500,0,0,0,0,0,0,0,9/18/2019
2611,0,0,0,0,0,0,0,9/17/2019
1089,0,0,0,0,0,0,0,9/16/2019
1519,0,0,0,0,0,0,0,9/16/2019
2382,0,0,0,0,0,0,0,9/16/2019
1688,0,0,0,0,0,0,0,9/15/2019
2564,0,0,0,0,0,0,0,9/15/2019
3087,0,0,0,0,0,0,0,9/15/2019
2687,0,0,0,0,0,0,0,9/14/2019
1065,0,0,0,0,0,0,0,9/13/2019
1678,0,0,0,0,0,0,1,9/13/2019
2006,0,0,0,0,0,0,0,9/13/2019
2909,0,0,0,0,0,0,0,9/13/2019
2948,0,0,0,0,0,0,0,9/12/2019
1785,0,1,0,1,1,0,1,9/11/2019
1790,0,0,0,0,0,0,0,9/11/2019
1068,0,1,0,0,0,0,0,9/10/2019
1239,0,1,1,1,1,0,1,9/10/2019
1541,0,0,1,0,0,0,0,9/10/2019
1775,0,0,0,0,0,0,0,9/10/2019
2035,0,0,0,0,0,0,0,9/10/2019
2228,0,0,0,0,0,0,0,9/10/2019
2406,0,0,0,0,0,0,0,9/10/2019
2996,0,0,0,0,0,0,0,9/10/2019
1317,0,0,0,0,0,0,1,9/8/2019
1483,0,0,0,0,0,0,0,9/8/2019
2286,0,0,0,0,0,0,0,9/8/2019
1053,0,0,0,0,0,0,1,9/7/2019
1265,0,0,0,1,0,0,1,9/7/2019
1441,1,0,0,0,0,0,1,9/6/2019
1836,0,0,0,0,0,0,0,9/6/2019
1869,0,0,0,0,0,0,0,9/6/2019
2456,0,0,0,0,0,0,0,9/6/2019
1198,0,0,0,0,0,0,0,9/5/2019
1699,0,0,0,0,0,0,0,9/5/2019
2040,0,0,0,0,0,0,0,9/5/2019
2178,0,1,0,0,0,0,0,9/5/2019
2923,0,0,0,0,0,0,0,9/5/2019
1396,0,0,0,1,0,0,0,9/4/2019
2330,0,0,0,0,0,0,0,9/4/2019
2583,1,0,0,0,0,0,0,9/4/2019
3096,0,0,1,0,0,0,1,9/4/2019
1717,0,0,0,0,0,0,0,9/3/2019
1816,0,0,0,0,0,0,0,9/3/2019
2525,0,0,0,0,0,0,0,9/3/2019
2551,0,0,0,0,0,0,0,9/3/2019
2990,0,0,0,0,0,0,0,9/3/2019
1018,0,0,0,1,0,0,0,9/2/2019
1292,0,0,0,1,0,0,0,9/2/2019
1495,0,0,0,0,0,0,0,9/2/2019
2966,0,0,0,0,0,0,0,9/2/2019
3013,0,0,0,0,0,0,0,9/2/2019
1454,0,0,0,0,0,0,0,9/1/2019
1983,1,0,0,1,0,0,1,9/1/2019
2545,0,0,0,0,0,0,0,9/1/2019
3135,1,0,1,1,1,0,1,9/1/2019
1213,0,0,0,0,0,0,0,8/31/2019
1782,0,0,0,0,0,0,0,8/31/2019
1847,0,0,0,0,0,0,0,8/31/2019
2740,0,0,0,0,0,0,0,8/31/2019
2651,0,0,0,0,0,0,0,8/30/2019
1885,0,0,0,0,0,0,0,8/29/2019
2505,0,0,0,0,0,0,0,8/29/2019
3194,0,0,0,0,0,0,0,8/29/2019
3209,0,0,0,0,0,0,0,8/29/2019
1222,0,0,0,0,0,0,0,8/28/2019
1384,0,0,0,0,0,0,0,8/28/2019
1721,0,0,0,0,0,0,0,8/28/2019
1789,0,1,0,0,0,0,0,8/27/2019
2812,0,1,0,0,0,0,0,8/27/2019
3163,0,0,0,0,0,0,0,8/27/2019
2214,0,0,0,0,0,0,0,8/26/2019
3184,0,0,0,0,0,0,0,8/26/2019
1218,0,0,0,0,0,0,1,8/25/2019
2324,0,0,0,0,0,0,0,8/25/2019
2778,0,0,0,0,0,0,1,8/25/2019
1134,0,0,0,0,0,0,0,8/24/2019
1177,0,0,0,0,0,0,0,8/24/2019
2254,0,0,0,0,0,0,0,8/24/2019
2883,0,0,0,0,0,0,0,8/24/2019
3030,0,0,0,0,0,0,0,8/24/2019
1024,0,0,0,0,0,0,0,8/23/2019
1360,1,0,0,0,0,0,1,8/23/2019
1565,0,0,0,0,0,0,0,8/23/2019
1601,0,0,0,0,0,0,0,8/23/2019
1719,0,0,0,0,0,0,0,8/23/2019
1067,0,0,0,0,0,0,0,8/22/2019
1125,0,1,0,0,0,0,0,8/22/2019
2335,0,0,0,0,0,0,0,8/22/2019
2603,0,0,0,0,0,0,0,8/22/2019
2730,0,0,0,0,0,0,0,8/22/2019
1351,0,0,0,0,0,0,0,8/21/2019
3197,1,0,0,0,0,0,0,8/21/2019
3212,1,0,0,0,0,0,0,8/21/2019
1739,0,0,0,0,0,0,0,8/20/2019
2806,0,0,0,0,0,0,0,8/20/2019
1252,0,0,0,0,0,0,0,8/19/2019
2266,0,0,0,0,0,0,0,8/19/2019
1040,0,0,0,0,0,0,0,8/17/2019
1116,0,1,1,1,0,0,1,8/17/2019
1281,0,0,0,0,0,0,0,8/17/2019
2194,0,0,1,0,0,0,0,8/17/2019
3001,0,0,0,0,0,0,0,8/17/2019
1387,0,0,0,0,0,0,0,8/16/2019
1591,0,0,0,0,0,0,0,8/16/2019
2140,0,0,0,0,0,0,0,8/16/2019
3100,0,0,0,1,0,0,1,8/16/2019
1122,0,0,0,0,0,0,0,8/15/2019
1627,0,1,1,0,0,0,1,8/15/2019
2736,0,0,0,0,0,0,0,8/15/2019
2911,0,0,0,0,0,0,1,8/15/2019
3005,1,0,0,0,0,0,1,8/15/2019
3025,0,0,0,0,0,0,0,8/14/2019
2517,0,0,0,0,0,0,0,8/13/2019
2703,0,0,0,0,0,0,0,8/13/2019
2975,0,0,0,0,0,0,0,8/13/2019
1283,0,0,0,0,0,0,0,8/12/2019
1667,0,0,0,0,0,0,0,8/12/2019
1993,0,0,0,0,0,0,0,8/12/2019
3149,0,1,0,0,0,0,0,8/12/2019
1722,0,0,0,0,0,0,0,8/11/2019
1756,0,0,0,0,0,0,0,8/11/2019
1403,0,0,0,0,0,0,0,8/10/2019
1924,0,1,1,1,0,0,1,8/9/2019
2003,0,0,0,0,0,0,1,8/9/2019
2281,0,1,1,1,0,0,1,8/9/2019
2405,0,0,0,0,0,0,0,8/9/2019
1323,0,0,1,0,0,0,1,8/8/2019
2354,0,0,0,0,0,0,0,8/8/2019
2461,0,0,0,0,0,0,0,8/8/2019
2724,0,1,1,1,0,0,0,8/8/2019
3195,0,0,0,0,0,0,0,8/8/2019
3210,0,0,0,0,0,0,0,8/8/2019
1779,0,0,0,0,0,0,0,8/7/2019
1540,0,0,0,0,0,0,0,8/6/2019
2092,0,0,0,1,0,0,1,8/6/2019
2991,0,0,0,0,0,0,1,8/6/2019
1734,0,1,1,1,0,0,1,8/5/2019
3073,0,0,0,0,0,0,0,8/5/2019
2672,0,0,1,0,0,0,0,8/4/2019
2943,0,0,0,1,0,0,1,8/4/2019
2955,0,0,0,0,0,0,0,8/4/2019
2256,0,1,0,0,0,0,0,8/3/2019
2864,1,0,0,0,0,0,0,8/3/2019
2091,0,0,0,0,0,0,0,8/2/2019
2283,0,0,0,0,0,0,0,8/2/2019
3158,0,0,0,0,0,0,1,8/2/2019
1178,0,0,0,0,0,0,0,7/31/2019
2875,0,0,0,0,0,0,0,7/31/2019
1402,0,0,1,1,0,0,1,7/30/2019
1476,0,0,0,1,0,0,0,7/30/2019
2233,1,0,0,0,0,0,1,7/30/2019
2644,1,0,0,0,0,0,1,7/30/2019
1584,0,0,0,0,0,0,0,7/29/2019
3159,0,0,0,0,0,0,0,7/29/2019
1033,0,0,0,0,0,0,0,7/28/2019
1693,0,0,0,0,0,0,0,7/28/2019
2000,0,0,0,0,0,0,0,7/28/2019
2186,1,0,0,0,0,0,0,7/28/2019
2325,0,0,0,0,0,0,0,7/28/2019
2893,0,0,0,0,0,0,0,7/28/2019
1109,0,0,0,0,0,0,0,7/27/2019
1145,0,1,1,0,0,0,1,7/27/2019
1838,0,0,0,0,0,0,0,7/27/2019
2667,0,0,0,0,0,0,0,7/27/2019
2853,0,0,0,0,0,0,0,7/27/2019
1058,0,0,0,0,0,0,0,7/26/2019
1117,0,0,0,0,0,0,0,7/26/2019
1182,0,0,0,0,0,0,0,7/26/2019
1459,0,0,0,0,0,0,0,7/26/2019
2710,0,0,0,0,0,0,0,7/26/2019
2426,0,0,0,0,0,0,0,7/25/2019
2704,0,0,0,0,0,0,0,7/25/2019
2807,0,0,0,0,0,0,0,7/25/2019
1435,0,0,0,0,0,0,0,7/24/2019
2033,0,0,0,0,0,0,0,7/24/2019
2323,0,0,0,0,0,0,0,7/24/2019
2891,0,0,0,0,0,0,0,7/24/2019
2999,0,0,0,0,0,0,0,7/24/2019
3054,0,0,0,0,0,0,0,7/24/2019
3172,0,0,0,0,0,0,0,7/24/2019
1514,0,0,0,0,0,0,0,7/23/2019
2211,0,0,0,0,0,0,0,7/23/2019
2802,0,0,0,0,0,0,1,7/23/2019
1815,0,0,0,0,0,0,0,7/22/2019
1858,0,0,0,0,0,0,0,7/22/2019
2034,0,0,0,0,0,0,1,7/22/2019
2305,0,0,0,0,0,0,0,7/22/2019
2415,0,0,0,0,0,0,0,7/22/2019
2536,0,0,0,0,0,0,0,7/22/2019
2567,0,0,0,0,0,0,0,7/22/2019
2789,0,0,0,0,0,0,0,7/22/2019
2945,1,0,0,0,0,0,0,7/22/2019
2986,0,0,0,0,0,0,0,7/22/2019
3134,0,0,0,0,0,0,0,7/22/2019
1314,0,0,0,0,0,0,0,7/21/2019
1704,0,0,0,0,0,0,0,7/21/2019
1984,0,0,0,0,0,0,0,7/21/2019
2390,0,0,0,0,0,0,0,7/21/2019
2442,0,0,0,0,0,0,0,7/21/2019
2982,1,0,0,0,0,0,0,7/21/2019
3178,0,0,0,0,0,0,0,7/21/2019
2451,0,0,0,0,0,0,0,7/20/2019
2653,0,0,0,0,0,0,0,7/20/2019
2728,0,1,0,0,0,0,1,7/20/2019
2924,0,0,0,0,0,0,0,7/20/2019
2959,0,0,0,0,0,0,0,7/20/2019
1267,0,0,0,0,0,0,0,7/19/2019
1698,0,0,0,0,0,0,0,7/19/2019
2476,0,0,0,0,0,0,0,7/19/2019
2815,0,0,0,0,0,0,0,7/19/2019
1936,0,0,0,0,0,0,0,7/18/2019
2269,1,0,1,1,0,0,1,7/18/2019
2326,0,0,0,0,0,0,0,7/18/2019
1736,0,0,0,0,0,0,0,7/17/2019
1871,1,0,0,0,0,0,0,7/17/2019
2248,0,0,0,0,0,0,0,7/16/2019
3014,1,0,0,0,0,0,0,7/16/2019
1308,0,0,0,0,0,0,0,7/15/2019
1423,0,0,0,0,0,0,0,7/15/2019
1261,0,0,0,0,0,0,0,7/14/2019
1299,0,0,0,0,0,0,0,7/14/2019
1881,0,0,0,0,0,0,0,7/14/2019
2920,0,0,0,0,0,0,0,7/14/2019
2961,0,0,0,0,0,0,0,7/14/2019
1794,0,0,0,0,0,0,0,7/12/2019
2066,0,0,0,0,0,0,0,7/12/2019
1251,0,0,0,0,0,0,1,7/11/2019
1500,0,0,0,0,0,0,0,7/11/2019
1099,0,0,0,0,0,0,0,7/10/2019
1986,1,0,0,0,0,0,1,7/10/2019
2065,0,0,0,1,0,0,1,7/10/2019
2120,0,0,0,0,0,0,0,7/10/2019
1038,1,0,0,0,0,0,1,7/9/2019
1875,1,0,0,0,0,0,1,7/9/2019
3110,0,0,0,0,0,0,0,7/9/2019
1559,0,1,0,1,1,0,1,7/8/2019
2122,0,0,0,0,0,0,0,7/8/2019
1273,0,0,0,0,0,0,0,7/6/2019
1933,0,0,0,0,0,0,1,7/6/2019
2008,0,0,0,0,0,0,0,7/6/2019
2867,0,0,0,0,0,0,0,7/4/2019
2988,0,0,0,0,0,0,0,7/4/2019
1588,0,0,0,0,0,0,0,7/3/2019
2203,0,0,0,1,0,0,0,7/3/2019
2833,0,0,0,0,0,0,0,7/3/2019
1893,0,0,0,0,0,0,1,7/2/2019
2182,0,0,0,0,0,1,0,7/2/2019
2413,0,0,0,0,0,0,0,7/2/2019
2889,0,0,0,0,0,0,0,7/2/2019
1903,0,0,0,0,0,0,1,7/1/2019
1398,0,0,0,0,0,0,0,6/30/2019
1416,0,0,0,0,0,0,0,6/30/2019
2534,0,0,0,0,0,0,0,6/30/2019
2555,0,0,0,0,0,0,0,6/30/2019
2600,0,0,0,0,0,0,0,6/30/2019
2014,0,0,0,0,0,0,0,6/29/2019
2252,0,0,0,0,0,0,0,6/29/2019
1201,0,0,0,0,0,0,0,6/28/2019
1629,0,0,1,1,0,0,1,6/28/2019
2467,0,0,0,0,0,0,0,6/28/2019
1608,0,0,0,0,0,0,0,6/27/2019
1776,0,1,0,0,0,0,0,6/27/2019
2524,0,0,0,0,0,0,0,6/27/2019
2719,0,0,0,0,0,0,0,6/27/2019
2788,0,0,0,1,0,0,0,6/27/2019
1783,0,0,0,0,0,0,0,6/26/2019
2163,0,1,0,0,0,0,1,6/26/2019
2200,0,0,0,0,0,0,0,6/26/2019
2541,0,0,0,0,0,0,0,6/26/2019
1186,0,0,0,0,0,0,0,6/24/2019
1263,0,0,0,0,0,0,1,6/24/2019
1305,0,0,0,0,0,0,0,6/24/2019
1860,0,0,0,0,0,0,0,6/24/2019
1952,0,0,0,0,0,0,0,6/24/2019
2012,0,0,0,0,0,0,1,6/24/2019
2099,0,0,0,0,0,0,0,6/23/2019
2392,0,0,0,0,0,0,0,6/23/2019
2445,0,0,0,0,0,0,0,6/23/2019
2582,0,0,0,0,0,0,0,6/23/2019
2599,0,0,0,0,0,0,0,6/23/2019
2718,0,0,0,0,0,0,1,6/23/2019
2973,1,0,0,0,0,0,0,6/23/2019
1771,0,0,0,0,0,0,0,6/22/2019
2111,0,1,0,0,0,0,0,6/22/2019
2916,0,0,0,0,0,0,0,6/21/2019
1284,0,0,0,0,0,0,0,6/20/2019
2161,0,0,0,0,0,1,0,6/20/2019
2475,0,0,0,0,0,0,0,6/20/2019
2521,0,0,0,0,0,0,0,6/20/2019
2695,0,0,0,0,0,1,0,6/20/2019
3053,0,0,0,0,0,0,0,6/20/2019
1285,0,0,0,0,0,0,0,6/19/2019
1477,0,0,0,0,0,0,0,6/19/2019
1808,0,0,0,0,0,0,0,6/19/2019
2109,0,0,0,0,0,0,0,6/19/2019
2433,0,0,0,0,0,0,0,6/19/2019
2515,0,0,0,0,0,0,0,6/19/2019
2597,0,0,0,0,0,0,0,6/19/2019
3036,0,0,0,0,0,0,0,6/19/2019
1309,0,0,0,0,0,0,0,6/18/2019
2464,0,0,1,0,0,0,0,6/18/2019
2647,0,0,1,0,0,0,1,6/18/2019
2828,0,0,0,0,0,0,1,6/18/2019
3143,0,0,1,1,0,0,1,6/18/2019
1318,1,0,0,0,0,0,1,6/17/2019
1335,1,0,1,0,0,0,0,6/17/2019
1686,1,0,1,0,0,0,0,6/17/2019
1690,1,0,0,0,0,0,1,6/17/2019
2043,0,0,0,0,0,0,1,6/17/2019
3046,0,0,0,0,0,0,1,6/17/2019
3153,0,1,0,0,0,0,0,6/17/2019
1234,0,0,0,0,0,0,0,6/16/2019
1843,0,0,0,0,0,0,0,6/16/2019
1274,0,0,0,0,0,0,0,6/15/2019
1364,0,0,0,0,0,0,0,6/15/2019
1620,0,0,0,0,0,0,0,6/15/2019
2155,0,0,0,0,0,0,0,6/15/2019
2899,0,0,0,0,0,1,0,6/15/2019
2702,0,0,0,0,0,0,0,6/14/2019
3146,1,0,0,0,0,0,0,6/14/2019
1021,0,0,0,0,0,0,0,6/13/2019
3038,0,0,0,0,0,0,0,6/13/2019
1211,0,0,0,0,0,0,0,6/12/2019
1219,0,0,1,0,0,0,0,6/12/2019
2162,0,0,0,0,0,0,0,6/12/2019
3033,0,0,0,0,0,0,0,6/12/2019
2068,0,1,1,1,1,0,1,6/11/2019
2663,0,0,0,0,0,0,0,6/11/2019
1999,0,0,0,0,0,0,0,6/10/2019
1025,0,0,0,0,0,0,0,6/9/2019
1049,0,0,0,0,0,0,0,6/9/2019
1074,1,0,0,0,0,0,1,6/9/2019
1105,0,1,1,0,0,0,1,6/9/2019
1457,0,0,0,0,0,0,0,6/9/2019
1768,1,0,0,0,0,0,1,6/9/2019
2080,0,0,0,0,0,0,0,6/9/2019
2848,0,0,0,0,0,0,0,6/9/2019
3171,0,0,0,0,0,0,0,6/9/2019
1646,0,0,0,0,0,0,0,6/8/2019
2258,0,0,0,0,0,1,0,6/8/2019
2759,0,0,0,0,0,0,1,6/8/2019
2947,0,0,0,0,0,0,1,6/8/2019
2669,0,0,0,0,0,0,0,6/7/2019
1361,0,0,0,0,0,0,0,6/6/2019
1427,0,0,0,0,0,0,0,6/6/2019
1625,0,0,0,0,0,0,0,6/6/2019
1943,0,0,0,0,0,0,1,6/6/2019
2270,0,0,0,0,0,0,0,6/6/2019
1486,0,0,0,0,0,0,0,6/5/2019
1589,0,0,0,0,0,0,1,6/5/2019
1348,0,0,0,0,0,0,0,6/4/2019
1647,0,0,0,0,0,0,0,6/4/2019
2400,0,0,0,0,0,0,0,6/4/2019
2706,0,0,0,0,0,0,0,6/4/2019
2280,0,0,0,0,0,0,0,6/3/2019
2894,0,0,0,0,0,0,0,6/2/2019
1332,0,0,0,0,0,0,0,6/1/2019
2729,0,0,0,0,0,0,0,6/1/2019
2972,0,0,0,0,0,0,0,6/1/2019
1016,0,0,0,0,0,0,0,5/31/2019
1041,0,0,0,0,0,0,0,5/31/2019
1382,0,0,0,0,0,0,0,5/31/2019
1828,0,0,0,0,0,0,0,5/31/2019
2960,0,0,0,0,0,0,0,5/31/2019
1022,0,1,0,0,0,0,0,5/30/2019
1228,0,0,0,0,0,0,0,5/30/2019
1338,0,0,0,0,0,0,0,5/29/2019
1914,0,0,0,0,0,0,0,5/29/2019
1925,0,0,0,0,0,0,0,5/29/2019
2171,0,0,0,0,0,0,1,5/29/2019
3144,0,0,0,0,0,0,0,5/29/2019
3080,1,0,0,0,0,0,0,5/28/2019
3183,0,0,0,0,0,0,0,5/27/2019
1070,0,0,0,0,0,0,0,5/26/2019
1100,0,0,0,0,0,0,0,5/26/2019
1701,0,0,0,0,0,0,0,5/26/2019
3062,0,0,1,1,0,0,1,5/26/2019
1612,0,0,0,0,0,0,0,5/25/2019
2106,0,0,0,0,0,0,1,5/25/2019
2755,0,0,0,0,0,0,0,5/24/2019
1165,0,1,0,1,0,0,1,5/23/2019
1493,0,0,0,0,0,0,0,5/23/2019
2364,0,0,0,0,0,0,0,5/23/2019
2422,0,0,0,0,0,0,0,5/23/2019
3055,0,0,0,0,0,0,0,5/22/2019
3076,1,0,0,0,0,0,1,5/22/2019
1142,0,0,0,0,0,0,0,5/21/2019
1106,0,0,0,0,0,0,0,5/19/2019
1341,0,0,0,0,0,0,0,5/19/2019
1366,0,0,0,0,0,0,0,5/19/2019
1575,0,0,1,1,0,0,1,5/19/2019
1876,0,0,0,0,0,0,0,5/19/2019
2311,0,0,0,0,0,0,1,5/19/2019
1596,0,0,0,0,0,0,0,5/18/2019
2503,0,0,0,0,0,0,0,5/18/2019
2506,1,0,0,0,0,0,0,5/18/2019
2375,0,0,0,0,0,0,0,5/17/2019
2810,0,0,0,0,0,0,0,5/17/2019
1215,0,0,0,0,0,0,0,5/16/2019
1587,0,0,0,0,0,0,0,5/16/2019
1755,0,0,0,0,0,0,0,5/15/2019
1101,0,0,0,0,0,0,0,5/14/2019
1553,0,0,0,0,0,0,0,5/14/2019
1642,0,0,0,0,0,0,0,5/14/2019
1696,0,0,0,0,0,0,0,5/14/2019
3176,0,0,0,0,0,0,0,5/14/2019
1321,0,1,1,1,0,0,1,5/13/2019
2169,0,0,0,0,0,0,0,5/13/2019
2566,0,0,0,0,0,0,0,5/13/2019
1174,0,0,0,0,0,0,0,5/12/2019
1550,0,0,0,0,0,0,0,5/12/2019
2138,0,0,0,0,0,0,0,5/12/2019
2954,1,0,0,0,0,0,1,5/12/2019
1509,0,0,0,0,0,0,0,5/11/2019
2587,0,0,0,0,0,0,0,5/11/2019
1475,0,0,0,0,0,0,0,5/10/2019
1895,0,0,1,0,0,0,1,5/10/2019
2052,0,0,0,0,0,0,0,5/10/2019
2227,0,0,0,0,0,0,0,5/10/2019
2355,0,0,0,0,0,0,0,5/9/2019
2542,0,1,0,0,0,0,0,5/9/2019
1353,0,0,0,0,0,0,0,5/8/2019
1656,0,0,0,0,0,0,0,5/8/2019
1937,0,0,0,0,0,0,1,5/8/2019
2423,1,0,0,0,0,0,0,5/8/2019
2053,0,0,0,0,0,0,0,5/7/2019
1822,0,0,0,0,0,0,0,5/6/2019
1972,0,0,0,0,0,0,0,5/6/2019
2518,0,0,0,0,0,0,0,5/6/2019
3068,0,1,0,0,1,0,0,5/6/2019
1526,0,0,0,0,0,0,0,5/5/2019
2492,0,0,0,0,0,0,0,5/5/2019
2650,0,0,0,0,0,0,0,5/5/2019
2039,0,0,0,0,0,0,0,5/4/2019
1867,0,0,0,0,0,0,0,5/3/2019
2981,0,0,0,0,0,0,0,5/3/2019
2488,0,0,0,0,0,0,0,5/2/2019
2694,1,0,0,0,0,0,1,5/2/2019
1015,0,0,1,1,0,0,1,5/1/2019
1798,0,0,0,0,0,0,0,5/1/2019
2546,0,0,1,1,0,0,1,5/1/2019
1250,0,0,0,0,0,0,0,4/30/2019
1326,0,1,0,0,1,0,0,4/30/2019
1347,0,0,0,0,0,0,0,4/30/2019
2267,0,1,0,0,0,0,1,4/30/2019
2291,0,0,0,0,0,0,0,4/30/2019
2452,0,0,0,0,0,0,0,4/30/2019
2901,0,1,0,0,1,0,0,4/30/2019
3169,0,0,0,0,0,0,0,4/30/2019
1088,0,1,0,0,0,0,0,4/29/2019
2102,0,0,0,0,0,0,0,4/29/2019
2649,0,0,0,0,0,0,0,4/29/2019
2255,0,0,0,0,0,0,0,4/28/2019
2321,0,0,0,0,0,0,0,4/28/2019
2501,0,0,0,0,0,0,0,4/27/2019
2721,0,0,0,0,0,0,0,4/27/2019
1052,0,0,1,0,0,0,1,4/26/2019
2912,0,0,0,0,0,0,1,4/26/2019
2105,0,0,0,0,0,0,0,4/25/2019
1352,0,0,0,0,0,0,0,4/24/2019
1394,0,0,0,0,0,0,1,4/24/2019
2062,0,0,0,0,0,0,1,4/24/2019
2172,0,1,1,0,0,0,1,4/24/2019
2831,0,0,0,0,0,0,0,4/24/2019
2450,0,0,0,0,0,0,0,4/23/2019
2786,0,0,0,0,0,0,0,4/23/2019
1207,0,0,0,0,0,0,0,4/21/2019
1007,0,0,0,0,0,0,0,4/20/2019
1011,0,0,0,0,0,0,0,4/20/2019
2029,0,0,0,0,0,0,1,4/20/2019
2474,0,0,0,0,0,0,0,4/20/2019
2690,0,0,0,0,0,0,0,4/20/2019
2903,0,0,0,0,0,0,1,4/20/2019
1322,0,0,0,0,0,0,0,4/19/2019
1953,0,0,0,0,0,1,0,4/19/2019
2114,0,0,0,1,0,0,0,4/19/2019
1357,0,1,0,0,0,0,0,4/18/2019
2398,0,1,0,0,0,0,0,4/18/2019
2495,0,0,0,0,0,0,1,4/18/2019
1103,0,1,0,0,0,0,1,4/17/2019
1193,1,0,0,0,0,0,1,4/17/2019
1564,0,1,0,0,0,0,0,4/17/2019
1824,0,0,0,0,0,0,0,4/17/2019
2688,0,0,1,0,0,0,0,4/17/2019
2886,0,1,0,0,0,0,0,4/17/2019
1044,0,0,0,0,0,0,1,4/16/2019
1383,0,0,0,0,0,0,1,4/16/2019
1395,0,0,0,0,0,0,0,4/16/2019
1598,0,0,0,0,0,0,1,4/16/2019
2334,0,0,1,0,0,0,1,4/16/2019
2369,0,0,0,0,0,0,0,4/16/2019
2523,0,0,0,0,0,0,1,4/16/2019
2839,0,0,1,0,0,0,1,4/16/2019
1046,0,0,0,0,0,0,0,4/15/2019
2332,0,0,0,0,0,0,0,4/15/2019
2595,0,0,0,0,0,0,0,4/15/2019
1489,0,0,0,0,0,0,0,4/14/2019
1772,0,1,1,1,0,0,1,4/14/2019
2483,1,0,0,0,0,0,0,4/14/2019
2835,0,0,0,0,0,0,0,4/14/2019
3052,0,0,0,0,0,0,0,4/14/2019
1833,1,0,0,1,0,0,0,4/13/2019
3161,1,0,0,1,0,0,1,4/13/2019
1151,0,0,0,0,0,0,0,4/12/2019
1987,0,0,0,0,0,0,0,4/12/2019
2265,0,0,0,0,0,0,0,4/12/2019
2479,0,0,0,0,0,0,0,4/12/2019
2784,1,0,0,0,0,0,0,4/12/2019
2010,0,0,0,0,0,0,0,4/11/2019
1019,0,0,0,0,0,0,0,4/10/2019
2005,0,0,0,0,0,0,0,4/10/2019
2022,0,0,0,0,0,1,0,4/10/2019
2157,0,0,0,0,0,0,0,4/10/2019
2547,0,0,0,0,0,1,0,4/10/2019
2657,0,0,0,0,0,0,0,4/10/2019
2760,0,0,0,0,0,0,0,4/10/2019
2860,0,0,0,0,0,0,0,4/10/2019
1191,0,1,1,1,0,0,1,4/9/2019
2921,0,0,0,0,0,0,1,4/9/2019
2284,0,1,0,0,0,0,0,4/8/2019
2538,0,0,0,0,0,0,0,4/8/2019
1279,0,0,1,0,0,0,0,4/7/2019
1451,0,0,0,0,0,0,0,4/7/2019
1463,0,0,0,0,0,0,0,4/7/2019
2078,0,0,0,0,0,0,0,4/7/2019
2195,0,0,0,0,0,0,0,4/7/2019
1658,0,0,0,1,0,0,1,4/6/2019
1032,0,0,0,0,0,0,1,4/5/2019
1236,0,0,0,0,0,0,0,4/5/2019
1415,0,0,0,0,0,0,0,4/5/2019
1766,0,0,0,0,0,0,0,4/5/2019
2701,0,0,0,0,0,0,1,4/5/2019
2750,0,0,0,0,0,0,1,4/5/2019
2827,0,0,0,0,0,0,0,4/5/2019
3040,0,0,0,0,0,0,0,4/5/2019
3074,0,0,0,0,0,0,0,4/5/2019
1136,0,0,0,0,0,0,1,4/4/2019
1355,0,0,0,0,0,0,0,4/4/2019
1473,0,0,0,0,0,0,0,4/4/2019
2532,1,0,0,0,0,0,1,4/4/2019
1337,0,0,0,0,0,0,0,4/3/2019
2618,0,0,0,0,0,0,0,4/3/2019
1580,0,0,0,0,0,0,0,4/2/2019
1592,0,0,0,0,0,0,0,4/2/2019
2720,0,0,0,0,0,0,0,4/2/2019
1214,0,0,0,0,0,0,0,4/1/2019
1268,0,0,0,0,0,0,0,4/1/2019
2419,0,0,0,1,0,0,1,3/31/2019
1462,0,0,0,0,0,0,0,3/30/2019
1778,0,0,0,0,0,0,0,3/30/2019
1244,0,0,0,0,0,0,0,3/29/2019
2208,1,0,0,0,0,0,1,3/29/2019
2932,1,0,0,0,0,0,0,3/29/2019
1692,0,0,0,0,0,0,0,3/28/2019
2143,0,1,0,0,0,0,0,3/27/2019
2897,0,1,1,1,1,0,1,3/27/2019
1130,0,0,0,0,0,0,0,3/26/2019
1135,0,0,0,0,0,0,0,3/25/2019
2571,0,0,0,0,0,0,1,3/25/2019
3088,0,0,0,0,0,0,0,3/25/2019
3145,0,0,0,0,0,0,0,3/25/2019
3170,0,0,0,0,0,0,1,3/25/2019
1393,0,0,0,0,0,0,0,3/24/2019
1850,0,0,0,0,0,0,0,3/24/2019
1243,0,1,0,0,0,0,0,3/23/2019
1862,0,0,0,0,0,0,0,3/23/2019
2514,0,1,0,0,0,0,0,3/23/2019
2725,0,1,0,0,0,0,1,3/23/2019
1254,1,0,0,0,0,0,1,3/22/2019
2855,0,0,0,0,0,0,1,3/22/2019
3173,0,0,0,0,0,0,0,3/22/2019
3205,0,0,0,0,0,0,1,3/22/2019
3220,0,0,0,0,0,0,1,3/22/2019
1955,0,0,0,0,0,0,0,3/21/2019
2757,0,0,0,0,0,0,0,3/21/2019
2776,0,0,1,0,0,0,0,3/21/2019
2887,0,0,0,0,0,0,0,3/21/2019
3187,0,0,0,0,0,0,0,3/21/2019
1242,0,0,0,0,0,0,0,3/20/2019
1950,0,0,0,0,0,0,0,3/20/2019
2026,0,0,0,0,0,0,0,3/20/2019
2130,1,0,0,0,0,0,1,3/20/2019
2432,0,0,0,0,0,0,1,3/20/2019
2752,0,0,0,0,0,0,0,3/20/2019
1072,1,0,0,0,0,0,1,3/19/2019
1574,0,0,0,0,0,1,1,3/19/2019
1948,0,0,0,0,0,0,0,3/19/2019
2380,0,0,0,0,0,0,0,3/19/2019
3181,0,0,0,0,0,0,0,3/19/2019
3128,0,0,0,0,0,0,1,3/18/2019
1014,0,0,0,0,0,0,0,3/17/2019
1031,0,1,0,0,0,0,0,3/17/2019
1247,1,0,0,0,0,0,1,3/17/2019
1468,0,0,0,0,0,0,0,3/17/2019
2184,1,0,0,0,0,0,1,3/17/2019
1144,0,0,0,0,0,0,0,3/16/2019
2840,0,1,0,0,0,0,1,3/14/2019
2361,0,0,0,0,0,0,0,3/13/2019
3031,0,0,0,0,0,0,0,3/13/2019
1200,0,0,0,0,0,0,0,3/12/2019
1371,0,0,0,0,0,0,0,3/12/2019
1623,0,0,0,0,0,0,0,3/12/2019
2036,0,0,0,0,0,0,0,3/12/2019
2511,0,0,0,0,0,0,0,3/12/2019
2747,0,0,0,0,0,0,0,3/12/2019
1671,0,1,0,0,0,0,1,3/11/2019
1839,0,0,0,0,0,0,0,3/11/2019
1844,0,0,0,0,0,0,0,3/11/2019
2353,0,1,0,0,0,0,0,3/11/2019
2785,0,0,0,0,0,0,0,3/11/2019
3011,0,0,0,0,0,0,0,3/11/2019
2679,0,0,0,0,0,0,1,3/9/2019
1926,0,1,1,0,0,0,0,3/8/2019
1930,0,0,0,0,0,0,0,3/8/2019
2041,0,1,0,0,0,0,0,3/8/2019
2322,0,1,0,0,0,0,1,3/8/2019
2843,0,0,0,0,0,0,0,3/8/2019
1507,0,1,1,0,0,0,0,3/7/2019
1827,0,0,0,0,0,0,0,3/6/2019
3067,1,0,1,0,0,0,1,3/6/2019
1344,0,1,0,0,0,0,0,3/5/2019
1621,0,0,0,0,0,0,1,3/5/2019
2386,0,0,0,0,0,0,0,3/5/2019
2574,0,0,0,0,0,0,0,3/5/2019
1385,0,0,0,0,0,0,0,3/4/2019
2544,0,0,0,0,0,0,1,3/4/2019
2340,0,0,0,0,0,0,0,3/3/2019
2577,0,0,0,1,0,0,0,3/3/2019
3193,0,0,0,0,0,0,0,3/3/2019
3208,0,0,0,0,0,0,0,3/3/2019
1443,0,0,0,0,0,0,0,3/2/2019
2598,0,0,0,0,0,0,0,3/2/2019
2994,0,0,0,0,0,0,0,3/2/2019
3016,0,0,0,0,0,0,0,3/2/2019
1474,0,0,0,0,0,0,0,3/1/2019
2247,0,0,0,0,0,0,1,3/1/2019
1570,1,0,1,1,0,0,1,2/28/2019
1697,0,0,1,0,0,0,1,2/28/2019
1818,0,0,0,0,0,0,0,2/28/2019
1240,0,0,0,0,0,0,0,2/27/2019
1257,0,0,0,0,0,0,1,2/27/2019
1639,0,0,0,0,0,0,0,2/27/2019
2134,0,0,1,0,0,0,1,2/27/2019
2673,0,0,0,0,0,0,0,2/27/2019
2814,0,0,0,0,0,0,1,2/27/2019
1610,0,0,0,0,0,0,1,2/26/2019
1941,0,0,0,0,0,0,0,2/26/2019
2259,0,0,0,1,0,0,0,2/26/2019
2761,0,0,0,0,0,0,0,2/26/2019
2263,0,0,0,0,0,0,0,2/25/2019
2681,0,0,1,0,0,0,0,2/25/2019
2671,0,0,0,0,0,0,0,2/24/2019
1293,0,0,0,0,0,0,1,2/23/2019
2023,0,0,0,0,0,0,0,2/23/2019
2745,0,0,0,0,0,0,1,2/23/2019
2825,1,0,1,0,0,1,1,2/23/2019
2834,0,0,0,0,0,0,0,2/23/2019
2956,0,0,0,0,0,0,1,2/23/2019
3071,0,0,0,0,0,0,1,2/22/2019
3078,0,0,1,0,0,0,1,2/22/2019
3119,0,0,0,1,0,0,0,2/22/2019
1380,0,0,0,0,0,0,0,2/20/2019
1440,0,1,0,1,0,0,1,2/20/2019
1469,0,0,0,0,0,0,1,2/19/2019
2128,0,0,0,0,0,0,0,2/19/2019
2142,0,0,0,0,0,0,0,2/19/2019
2435,0,0,0,0,0,0,1,2/19/2019
2919,0,0,0,0,0,0,0,2/19/2019
1164,0,0,0,0,0,0,0,2/17/2019
1320,0,0,0,0,0,0,0,2/17/2019
1539,0,0,0,0,0,0,0,2/17/2019
1554,0,0,0,0,0,0,0,2/17/2019
1654,0,0,0,0,0,0,0,2/17/2019
1668,0,0,0,0,0,0,1,2/17/2019
1865,0,0,0,0,0,0,1,2/17/2019
2046,0,0,0,0,0,0,0,2/17/2019
2726,0,0,0,0,0,0,0,2/17/2019
2820,1,0,1,1,0,0,1,2/17/2019
3089,0,0,0,0,0,0,0,2/17/2019
1066,0,0,0,0,0,0,0,2/16/2019
1747,0,0,0,0,0,0,0,2/16/2019
3019,0,0,0,0,0,0,0,2/16/2019
1197,1,0,0,0,0,0,1,2/15/2019
1812,0,0,0,0,0,0,0,2/15/2019
1981,0,1,1,0,0,0,1,2/15/2019
1994,0,0,0,0,0,0,0,2/15/2019
1179,1,0,0,0,0,0,0,2/14/2019
2180,0,0,0,0,0,0,0,2/14/2019
2871,1,0,0,0,0,0,0,2/14/2019
1212,0,0,0,0,0,0,0,2/13/2019
1508,0,0,0,0,0,0,1,2/13/2019
1770,0,0,0,0,0,0,0,2/13/2019
1872,0,0,0,0,0,0,0,2/13/2019
2384,0,0,0,0,0,0,0,2/13/2019
2602,0,0,0,0,0,0,0,2/13/2019
1057,0,0,0,0,0,0,0,2/12/2019
1438,0,0,0,0,0,0,0,2/12/2019
1645,0,0,0,0,0,0,0,2/12/2019
2628,0,0,0,0,0,0,1,2/12/2019
3003,1,0,0,0,0,0,1,2/12/2019
3063,1,0,0,0,0,0,1,2/12/2019
1611,0,0,0,0,0,0,0,2/11/2019
2385,0,0,0,0,0,0,1,2/11/2019
2910,0,0,0,0,0,0,0,2/11/2019
2977,0,0,0,0,0,0,1,2/11/2019
1748,0,0,0,0,0,0,0,2/10/2019
1001,0,0,0,0,0,0,1,2/9/2019
2345,0,0,0,0,0,0,1,2/9/2019
2510,0,0,0,0,0,0,0,2/9/2019
2799,0,0,0,0,0,0,0,2/9/2019
2303,1,0,0,0,0,1,1,2/8/2019
2418,0,0,0,0,0,0,1,2/8/2019
3097,0,0,0,0,0,0,1,2/8/2019
2528,0,0,0,0,0,0,0,2/7/2019
2449,0,1,1,0,0,0,1,2/6/2019
1017,0,0,0,0,0,0,0,2/5/2019
1235,0,0,0,0,0,0,0,2/5/2019
1269,0,0,0,0,0,0,0,2/5/2019
1381,0,0,0,0,0,0,1,2/5/2019
1585,0,0,0,0,0,0,0,2/5/2019
1906,0,0,0,0,0,0,0,2/5/2019
1973,1,0,0,0,0,0,0,2/5/2019
2457,0,0,0,0,0,0,0,2/5/2019
2520,0,0,0,0,0,0,0,2/5/2019
2568,1,0,0,0,0,0,0,2/5/2019
2675,0,0,0,0,0,0,0,2/5/2019
2865,0,0,0,0,0,0,0,2/5/2019
1372,0,0,0,0,0,0,0,2/4/2019
1390,0,0,0,0,0,0,1,2/4/2019
1663,0,0,0,0,0,0,0,2/4/2019
3091,0,0,0,0,0,0,0,2/4/2019
1075,0,0,0,0,0,0,0,2/3/2019
1241,0,0,0,0,0,0,0,2/3/2019
2016,0,0,0,0,0,0,0,2/3/2019
2037,0,0,0,0,0,0,0,2/3/2019
2132,0,0,0,0,0,0,0,2/3/2019
2133,0,0,0,0,0,0,0,2/3/2019
2751,0,0,0,0,0,0,0,2/3/2019
2971,0,0,0,1,0,0,1,2/3/2019
2430,0,0,0,0,0,0,0,2/2/2019
2763,0,0,0,0,0,0,0,2/2/2019
1071,0,0,0,0,0,0,1,2/1/2019
1634,0,0,0,0,0,0,0,2/1/2019
2668,0,0,0,0,0,0,0,2/1/2019
2153,0,0,0,0,0,0,0,1/31/2019
2253,1,0,0,0,0,0,1,1/31/2019
3051,0,0,0,0,0,0,0,1/31/2019
1991,0,1,1,1,0,0,0,1/30/2019
2376,0,0,0,0,0,0,0,1/30/2019
2412,0,0,0,0,0,0,0,1/30/2019
1487,0,0,0,0,0,0,0,1/29/2019
2890,0,1,0,0,1,0,1,1/29/2019
1282,0,1,0,0,1,0,0,1/28/2019
1138,0,0,0,0,0,0,0,1/27/2019
1367,0,0,0,0,0,0,0,1/27/2019
1397,0,0,0,0,0,0,0,1/27/2019
2063,0,0,0,0,0,0,1,1/27/2019
2144,0,0,0,0,0,0,0,1/27/2019
2148,0,0,0,0,0,0,0,1/27/2019
2201,0,0,0,0,0,0,0,1/27/2019
2888,0,1,0,1,0,0,1,1/27/2019
1349,0,0,0,0,0,0,0,1/26/2019
3198,0,0,0,0,0,0,0,1/26/2019
3213,0,0,0,0,0,0,0,1/26/2019
1439,0,0,0,0,0,0,0,1/25/2019
2480,1,0,0,0,0,0,1,1/25/2019
2627,0,0,0,0,0,0,1,1/25/2019
1466,1,0,0,0,0,0,1,1/24/2019
2562,0,0,0,0,0,0,1,1/24/2019
1359,0,0,0,0,0,0,0,1/23/2019
2262,0,1,0,0,1,0,1,1/23/2019
2314,0,1,1,1,0,0,1,1/23/2019
2487,0,0,0,0,0,0,0,1/23/2019
2509,0,0,0,0,0,0,1,1/23/2019
1231,0,0,0,0,0,0,0,1/22/2019
1583,0,0,0,0,0,0,0,1/22/2019
1602,0,0,0,0,0,0,0,1/22/2019
1938,0,0,0,0,0,0,0,1/22/2019
2478,0,0,0,0,0,0,1,1/22/2019
2550,0,0,0,0,0,0,1,1/22/2019
3023,0,0,0,0,0,0,1,1/22/2019
3199,0,0,0,0,0,0,0,1/22/2019
3214,0,0,0,0,0,0,0,1/22/2019
2473,1,0,0,0,0,0,1,1/21/2019
2682,0,0,0,0,0,0,0,1/21/2019
2851,0,0,0,0,0,0,1,1/21/2019
1453,0,0,0,0,0,0,0,1/20/2019
1303,0,0,0,0,0,0,0,1/19/2019
3101,0,0,0,0,0,0,0,1/19/2019
2379,0,0,0,0,0,0,1,1/18/2019
2928,0,0,0,0,0,0,1,1/18/2019
1512,0,0,0,0,0,0,0,1/17/2019
1635,0,0,0,0,0,0,0,1/17/2019
1913,0,1,0,0,0,0,0,1/17/2019
2530,0,0,0,0,0,0,0,1/17/2019
3037,0,0,0,0,0,0,0,1/17/2019
1048,0,0,0,0,0,0,0,1/16/2019
1737,0,0,0,0,0,0,1,1/16/2019
3174,0,0,0,0,0,0,0,1/16/2019
1324,0,0,0,0,0,0,0,1/15/2019
2586,0,0,0,0,0,0,0,1/15/2019
1720,0,0,0,0,0,0,0,1/14/2019
2261,0,0,1,0,0,0,1,1/14/2019
1020,0,0,0,0,0,0,0,1/13/2019
1126,0,0,0,0,0,0,0,1/13/2019
1216,0,0,0,0,0,0,0,1/13/2019
2107,0,0,0,0,0,0,0,1/13/2019
2198,0,0,0,0,0,0,0,1/13/2019
2319,0,0,0,0,0,0,1,1/13/2019
2661,0,0,0,0,0,0,1,1/13/2019
1712,0,0,0,0,0,0,0,1/12/2019
2381,0,0,0,0,0,0,0,1/12/2019
2917,0,0,0,0,0,0,0,1/12/2019
2989,0,0,0,0,0,0,1,1/12/2019
1484,0,0,0,0,0,0,0,1/11/2019
1525,0,0,0,0,0,0,0,1/11/2019
3107,0,0,0,0,0,0,1,1/11/2019
2117,0,0,0,0,0,0,0,1/10/2019
1456,0,1,0,0,0,0,1,1/9/2019
2049,0,0,0,0,0,0,0,1/9/2019
2225,0,0,0,0,0,0,0,1/9/2019
1637,0,0,0,0,0,0,0,1/8/2019
2048,0,0,0,0,0,0,0,1/8/2019
2237,0,0,0,0,0,0,1,1/8/2019
2813,0,0,0,0,0,0,0,1/8/2019
3092,0,0,0,0,0,0,0,1/8/2019
2460,0,0,0,0,0,0,0,1/7/2019
2951,0,0,0,0,0,0,0,1/7/2019
3160,0,0,0,0,0,0,0,1/7/2019
1705,1,0,0,0,0,0,1,1/6/2019
1957,0,0,1,0,0,0,0,1/6/2019
3004,0,0,0,0,0,0,0,1/6/2019
3162,1,0,0,0,0,0,1,1/6/2019
2343,0,0,0,0,0,0,0,1/5/2019
2236,0,0,0,0,0,0,1,1/4/2019
