ID,Recency,Teas,Fruits,Meats,Seafood,Sweets,Premium,Regular,Deals,Website,Catalog,Store,Visits
1428,99,0,36,18,42,36,72,60,1,1,0,3,8
2152,99,0,36,18,42,36,72,60,1,1,0,3,8
2014,99,21,42,55,13,34,68,97,1,1,0,3,8
2660,99,81,0,27,0,3,13,98,1,1,0,3,5
1196,99,175,0,23,0,0,13,184,1,2,0,3,6
1706,99,175,0,23,0,0,13,184,1,2,0,3,6
1037,99,185,0,20,7,0,13,198,2,1,1,3,5
1590,99,185,0,20,7,0,13,198,2,1,1,3,5
2449,99,347,49,1136,386,0,296,1623,1,8,5,4,7
1475,99,584,6,278,47,16,44,888,2,6,1,5,8
2869,99,665,209,506,431,34,105,1741,1,2,3,5,1
2518,99,673,96,1766,375,416,159,3167,1,5,4,10,3
1681,99,728,25,701,75,59,77,1510,3,9,3,5,4
1667,99,932,45,316,118,120,195,1335,2,5,2,11,4
2795,99,941,44,1034,208,91,158,2159,3,5,3,5,4
2775,99,1031,86,635,428,86,416,1850,2,7,7,10,3
1529,98,40,20,51,30,35,30,146,2,2,0,4,5
3004,98,72,244,244,186,201,487,459,4,2,1,3,9
2687,98,151,7,38,7,10,24,189,1,1,0,4,5
2136,98,187,0,59,0,0,11,235,4,2,1,3,7
3133,98,258,4,83,17,0,29,333,2,2,1,3,8
1906,98,372,143,1106,51,122,586,1208,3,6,1,6,8
2684,98,566,34,88,9,34,20,711,1,3,3,5,3
2037,98,643,17,178,0,17,50,804,4,6,1,4,8
3016,98,953,196,1431,35,224,224,2615,10,4,6,9,7
1777,98,1159,68,329,182,34,85,1687,3,10,3,7,6
1180,98,1162,55,1077,366,282,254,2688,1,8,7,12,3
1818,98,1252,111,1721,62,69,416,2800,1,7,7,12,3
1671,98,1366,0,71,18,0,12,1443,6,4,5,7,6
2353,98,1366,0,71,18,0,12,1443,6,4,5,7,6
2100,98,1588,34,184,72,16,91,1804,5,11,1,6,9
2030,98,1746,42,295,55,19,84,2074,6,6,2,11,5
2242,98,2065,36,1413,48,71,107,3526,1,6,2,8,2
1227,98,2128,144,1788,439,385,47,4836,1,6,5,10,3
2218,98,2171,33,902,216,65,166,3221,1,5,6,12,2
3094,98,2171,33,902,216,65,166,3221,1,5,6,12,2
2757,98,2344,352,428,92,117,76,3257,1,9,4,10,6
2347,97,18,15,36,7,7,25,58,1,1,0,3,8
2255,97,31,31,151,63,78,42,313,3,2,1,3,8
3013,97,39,0,129,54,18,43,197,1,2,0,3,7
3029,97,76,0,34,9,0,46,73,1,1,0,3,4
2277,97,79,8,55,12,0,39,114,1,2,0,2,9
2955,97,142,172,314,56,71,223,532,3,4,0,4,9
2980,97,150,0,56,9,0,9,206,2,2,0,3,8
2715,97,380,3,34,0,8,89,335,2,4,1,3,6
1244,97,438,105,276,89,76,38,946,4,3,2,7,3
1494,97,447,4,197,0,4,109,542,3,4,2,3,7
2116,97,500,15,322,33,24,87,808,2,5,1,6,6
2511,97,550,106,534,127,79,26,1369,6,5,1,5,9
2801,97,760,17,154,23,9,142,820,2,5,2,6,5
1228,97,970,289,701,190,315,96,2369,2,6,4,4,3
2846,97,1001,418,372,364,255,139,2272,2,7,6,11,4
1878,97,1721,314,806,364,385,139,3451,2,10,6,7,4
2773,97,1892,67,180,28,113,44,2237,2,6,3,4,4
2233,97,2295,135,606,263,135,62,3372,2,11,10,11,6
2644,97,2295,135,606,263,135,62,3372,2,11,10,11,6
1807,97,2648,31,594,41,0,31,3284,3,3,4,7,5
1167,96,7,0,18,7,0,4,29,1,0,0,3,2
1423,96,14,158,72,57,86,129,258,2,2,0,3,8
2414,96,47,121,37,10,87,117,184,1,1,1,4,2
3150,96,47,121,37,10,87,117,184,1,1,1,4,2
1830,96,61,15,115,0,76,137,130,4,3,1,3,5
3041,96,79,4,83,66,58,116,174,2,3,0,4,5
1860,96,82,157,260,205,123,48,780,4,3,1,3,9
1473,96,108,5,488,131,131,63,799,1,4,1,4,8
1767,96,123,14,130,0,14,41,239,5,3,0,4,7
2572,96,123,14,130,0,14,41,239,5,3,0,4,7
1937,96,307,72,118,11,390,372,527,3,5,2,6,5
2350,96,392,16,143,30,22,47,557,2,4,1,5,5
2925,96,426,0,21,0,0,18,429,1,3,1,4,5
1141,96,872,43,121,58,33,33,1094,4,8,1,6,6
1987,96,1002,116,727,51,96,177,1816,2,6,5,10,3
2191,96,1041,10,81,13,10,67,1088,2,5,1,7,7
1028,96,1492,218,1748,46,144,0,3648,1,6,9,10,2
2187,96,1492,218,1748,46,144,0,3648,1,6,9,10,2
2462,96,1697,287,1552,45,34,70,3545,1,4,6,4,2
1689,96,1785,0,113,0,0,479,1419,3,2,4,5,7
1668,96,1934,219,1803,286,219,86,4376,1,5,6,10,2
1865,96,1934,219,1803,286,219,86,4376,1,5,6,10,2
2132,96,2213,311,484,225,276,91,3418,3,10,4,7,6
2064,95,17,0,28,7,0,0,52,1,0,0,3,4
2671,95,37,3,14,7,0,24,37,1,1,0,2,7
2884,95,63,17,54,0,0,79,54,1,1,1,2,7
1080,95,75,35,62,44,18,13,220,2,1,0,4,7
1245,95,76,25,13,63,38,63,152,4,2,0,4,5
2782,95,76,25,13,63,38,63,152,4,2,0,4,5
2083,95,432,68,741,90,68,194,1205,6,7,2,5,8
2723,95,758,51,501,248,224,362,1419,3,7,3,10,5
1105,95,1060,95,270,63,43,48,1483,1,6,7,11,3
2020,95,1112,0,415,40,81,381,1266,4,6,3,8,5
1324,95,1120,47,2044,184,290,93,3591,1,4,5,11,3
2586,95,1120,47,2044,184,290,93,3591,1,4,5,11,3
1334,95,1191,79,614,26,79,19,1971,4,6,7,9,4
3047,95,1529,293,1010,295,195,227,3094,1,9,6,5,5
1856,95,1721,49,1119,470,320,74,3605,1,4,8,5,2
2259,95,1763,50,254,132,151,502,1847,0,6,7,9,3
2520,95,1845,0,336,29,20,88,2143,3,9,2,10,7
1505,95,2319,172,829,132,33,413,3072,1,2,4,6,5
1843,94,0,29,43,57,14,72,72,1,0,0,3,6
1097,94,5,15,30,51,0,46,56,1,1,0,3,5
2619,94,5,15,30,51,0,46,56,1,1,0,3,5
2166,94,27,22,44,11,0,27,77,1,1,0,3,5
1573,94,41,46,46,10,26,113,56,1,1,1,3,4
1611,94,74,70,129,94,4,31,339,3,3,0,3,9
1889,94,90,0,90,0,15,12,182,1,2,0,3,5
1815,94,96,4,34,8,4,4,141,2,1,0,3,8
1600,94,102,0,19,0,0,11,110,2,1,0,3,8
2352,94,102,0,19,0,0,11,110,2,1,0,3,8
2108,94,128,0,53,9,3,50,144,2,1,1,3,3
2248,94,152,24,55,37,49,195,122,3,2,1,3,7
2174,94,227,34,89,26,16,26,365,1,4,0,4,5
1676,94,241,10,47,8,8,16,298,1,2,1,4,3
2919,94,265,23,148,12,23,160,312,2,2,2,3,7
1138,94,278,11,342,46,4,122,559,7,4,1,4,8
1367,94,278,11,342,46,4,122,559,7,4,1,4,8
3135,94,340,59,1715,0,59,117,2055,0,4,3,7,3
1005,94,470,117,320,125,73,41,1064,5,5,3,6,5
2877,94,643,17,189,47,17,26,886,1,4,4,6,2
1576,94,710,309,1544,321,309,401,2791,1,3,7,9,1
1938,94,753,14,667,197,117,238,1511,4,5,5,8,5
1812,94,1070,49,476,21,15,442,1189,1,6,4,7,6
1886,94,1075,200,851,422,24,524,2047,1,3,4,10,0
3011,94,1292,191,598,216,142,142,2297,4,10,3,12,6
2284,94,1308,173,901,225,347,173,2782,1,5,5,8,3
2008,93,31,61,84,145,92,199,214,2,2,1,2,9
1181,93,82,11,75,11,68,79,168,2,3,0,3,8
1608,93,83,17,125,17,8,50,200,2,2,0,3,6
1208,93,96,35,80,93,3,58,251,1,1,1,4,3
3036,93,97,3,37,0,0,0,137,2,2,0,3,4
2906,93,402,77,315,20,42,171,685,2,4,2,7,3
2156,93,573,6,59,25,25,12,675,3,2,2,6,5
1873,93,588,71,1028,92,129,403,1505,1,3,10,11,1
1496,93,725,52,207,24,30,18,1020,3,6,2,5,7
1907,93,851,53,879,572,27,247,2136,1,4,5,9,2
1468,93,896,62,220,264,163,40,1566,1,5,9,4,3
1462,93,969,57,102,16,0,240,904,4,6,2,7,5
2422,93,1100,80,1262,164,365,39,2932,1,4,4,9,2
2050,93,1106,110,952,27,20,42,2173,1,3,7,13,2
1295,93,1303,0,69,0,0,26,1347,1,8,3,6,7
1335,93,1568,191,1087,124,256,222,3004,2,8,4,8,4
1686,93,1568,191,1087,124,256,222,3004,2,8,4,8,4
3087,93,1946,100,1073,131,134,367,3017,1,3,10,8,2
2423,93,2065,23,286,32,0,136,2270,4,10,7,5,8
2888,93,2323,114,1142,148,114,304,3538,3,5,5,5,8
2542,93,2379,161,651,0,31,31,3191,4,5,4,10,4
1363,92,13,38,55,8,51,51,115,1,1,0,3,7
1929,92,21,7,63,7,28,49,77,1,2,0,3,4
2510,92,26,190,37,0,53,238,69,2,3,0,3,8
1045,92,44,20,51,10,17,44,98,1,2,0,2,10
1484,92,61,9,98,19,0,112,75,2,1,1,2,8
1604,92,71,33,50,46,62,133,129,1,2,1,2,7
2054,92,113,0,18,7,0,28,109,2,2,0,3,5
2022,92,121,4,50,0,0,18,157,3,2,0,3,8
2547,92,121,4,50,0,0,18,157,3,2,0,3,8
1240,92,215,224,248,100,96,119,764,2,3,1,5,6
1639,92,215,224,248,100,96,119,764,2,3,1,5,6
1430,92,254,47,248,44,17,33,576,2,5,0,4,8
2234,92,311,63,984,30,456,166,1679,2,7,3,5,4
2589,92,395,8,505,91,28,39,986,4,5,1,5,8
1745,92,473,82,711,107,40,529,883,1,2,11,5,1
1915,92,473,82,711,107,40,529,883,1,2,11,5,1
2376,92,533,5,114,8,13,93,581,4,5,1,5,6
2412,92,533,5,114,8,13,93,581,4,5,1,5,6
3083,92,599,10,574,64,10,137,1118,5,7,1,6,7
3015,92,608,141,593,166,126,448,1186,1,5,4,8,4
2688,92,767,114,2100,464,79,58,3467,1,5,8,12,3
2988,92,890,476,476,812,504,117,3041,6,11,2,8,9
1732,92,1029,24,194,50,12,12,1297,2,3,2,10,3
2781,92,1215,60,495,75,30,4364,-2490,0,23,1,1,0
1471,92,1337,32,290,43,16,240,1479,2,7,2,10,6
3038,92,1355,87,331,57,376,267,1941,2,4,5,4,2
2803,92,1509,206,1648,87,0,206,3244,1,3,11,9,1
2488,92,1914,179,1010,234,323,253,3408,3,10,4,9,7
1453,92,1936,24,503,33,24,176,2345,3,7,3,12,7
2595,92,2472,0,219,35,26,575,2177,7,9,6,9,8
2274,91,13,0,17,0,3,17,17,1,1,0,2,7
2049,91,16,11,38,0,22,11,77,1,1,0,2,8
1457,91,79,4,47,14,0,14,130,2,1,0,3,7
2512,91,106,0,83,24,0,47,165,1,1,1,2,8
2027,91,119,44,131,52,24,115,255,1,2,0,4,4
1749,91,135,38,72,91,47,191,191,1,2,1,4,4
2177,91,135,38,72,91,47,191,191,1,2,1,4,4
2072,91,242,28,64,67,28,43,387,2,2,1,4,5
1152,91,281,16,260,37,21,27,589,4,3,0,4,8
1433,91,581,20,229,84,184,98,1001,2,3,2,9,3
2129,91,956,8,107,0,0,52,1019,2,9,1,4,8
2793,91,1101,27,260,36,42,101,1364,3,6,2,8,5
3136,91,1425,304,281,198,405,509,2105,1,4,8,5,1
2758,91,1570,41,409,82,63,41,2123,2,11,2,10,7
2240,91,1696,145,2180,505,436,290,4671,1,4,7,11,2
2330,91,1831,168,1322,0,67,32,3356,1,4,8,10,2
3218,91,2257,119,539,80,30,60,2965,1,2,3,-10,6
1018,91,2326,184,1145,0,37,405,3287,2,11,4,9,5
3203,91,2502,132,598,88,33,66,3287,1,2,3,13,6
1333,90,36,0,12,0,0,16,32,1,1,0,2,6
2817,90,38,14,89,0,9,14,136,2,2,0,3,6
2707,90,66,7,37,0,0,92,18,1,1,1,2,7
3064,90,79,3,31,6,0,3,116,1,1,0,3,5
1166,90,104,0,50,0,0,7,147,2,2,0,3,7
1673,90,225,50,269,57,37,269,370,3,1,4,4,3
1397,90,266,138,169,319,244,19,1118,3,5,1,7,7
1746,90,421,9,116,12,0,180,378,3,3,2,4,6
1595,90,522,81,171,52,0,32,793,1,3,1,7,3
1439,90,585,86,367,43,11,150,941,7,5,1,6,8
2225,90,701,42,558,55,55,208,1204,4,6,2,4,8
1702,90,1410,0,361,75,75,417,1505,1,11,1,8,7
2984,90,1413,35,285,25,35,88,1706,3,8,2,10,5
1758,90,1596,26,920,176,0,0,2718,1,2,11,4,1
2262,90,1882,164,726,301,298,361,3009,2,9,7,10,7
1065,90,2000,138,1138,135,68,171,3308,7,2,5,5,5
2872,90,2142,65,903,130,132,166,3206,1,4,6,4,1
1235,90,2143,332,1905,372,94,427,4420,1,4,10,5,3
2865,90,2143,332,1905,372,94,427,4420,1,4,10,5,3
3128,90,2676,79,1054,159,122,404,3686,3,9,10,4,6
1797,89,30,8,17,8,4,17,51,1,1,0,2,6
2265,89,33,108,367,626,231,677,687,2,4,2,5,7
1025,89,38,26,159,96,77,83,313,2,2,1,3,7
2531,89,44,4,22,0,4,18,55,2,1,0,3,7
2992,89,55,5,73,18,5,14,142,3,2,0,3,8
1289,89,117,0,145,13,9,0,284,1,2,1,3,4
2351,89,152,12,72,12,21,3,265,2,2,0,4,6
2636,89,197,89,317,128,0,162,568,4,5,1,3,9
2832,89,207,23,104,35,12,104,276,1,2,0,4,7
2966,89,299,53,95,46,46,74,464,2,3,1,4,7
1422,89,408,0,62,8,4,21,462,3,2,1,4,7
2296,89,535,141,228,185,31,281,838,4,3,2,8,4
1731,89,1139,92,1631,121,123,185,2922,1,6,10,5,2
1222,89,1458,54,1204,73,26,83,2731,3,7,8,11,5
2114,89,1555,91,1873,475,65,182,3877,2,6,7,9,3
2767,89,1628,49,776,335,55,222,2621,1,3,9,13,1
3078,89,1838,131,2144,113,175,42,4358,1,5,3,12,2
3072,89,2129,55,524,36,55,82,2718,2,8,4,6,3
2854,89,2531,148,819,145,111,111,3643,3,5,5,13,8
2553,89,2787,0,1035,102,78,0,4002,1,4,5,8,1
3183,88,15,7,19,0,0,19,22,1,1,0,2,6
1194,88,31,26,57,31,26,61,109,1,1,0,3,9
1646,88,31,8,86,47,16,16,172,1,1,0,3,6
1040,88,76,6,170,18,0,41,229,2,2,0,3,8
2421,88,290,79,299,82,141,18,872,1,2,2,8,1
2659,88,620,21,124,9,6,139,641,2,4,2,5,5
1599,88,684,41,277,54,54,76,1034,5,6,2,5,7
2320,88,821,0,63,12,18,45,869,1,5,1,6,6
1274,88,845,83,717,163,338,400,1746,13,6,2,12,5
1479,88,850,67,711,67,51,32,1714,3,5,3,11,5
3171,88,862,292,367,167,184,127,1745,2,5,5,11,2
2483,88,1098,326,593,618,474,179,2931,6,11,8,5,8
1068,88,1497,16,172,0,16,50,1651,5,9,2,8,7
2118,88,1547,165,856,251,0,26,2793,1,4,6,9,1
2329,88,1547,165,856,251,0,26,2793,1,4,6,9,1
1688,88,1780,20,139,53,20,99,1913,2,9,3,6,8
2112,87,29,5,10,10,0,19,34,1,1,0,2,7
1534,87,53,14,35,11,14,64,64,2,1,1,3,3
1077,87,131,26,100,37,0,121,173,3,3,0,3,7
2002,87,172,5,108,0,0,0,285,1,2,0,3,8
1075,87,279,17,296,31,22,74,571,4,3,1,4,8
2751,87,279,17,296,31,22,74,571,4,3,1,4,8
1638,87,292,8,74,5,16,39,355,2,3,1,4,6
2432,87,301,10,172,7,3,103,391,3,4,0,4,8
1437,87,340,169,256,174,46,55,929,2,4,2,8,3
1117,87,389,79,297,96,67,413,516,2,3,4,7,1
1946,87,557,302,642,20,167,370,1317,3,5,2,11,4
1867,87,598,6,174,0,16,38,756,4,6,1,4,9
2670,87,633,341,565,221,16,68,1708,2,3,3,13,2
1653,87,879,24,328,51,38,223,1097,5,5,2,9,6
1431,87,888,424,1198,136,348,83,2911,1,4,5,7,1
3194,87,1174,13,272,39,44,136,1405,8,11,1,6,8
1644,87,1208,144,578,282,266,410,2068,1,6,4,13,4
1733,87,1208,144,578,282,266,410,2068,1,6,4,13,4
3209,87,1254,14,291,41,47,145,1501,8,11,1,6,8
1666,87,1424,81,1096,71,81,136,2616,1,2,8,6,1
2039,87,1505,67,1171,72,33,134,2714,1,6,7,8,3
2186,87,1611,39,252,24,18,86,1857,3,10,4,5,8
1789,87,1667,142,476,62,45,356,2036,7,3,2,8,8
1344,87,1672,370,1858,482,370,139,4614,1,4,7,10,2
2866,87,2039,326,1304,211,202,326,3757,1,4,7,8,1
2776,87,2490,0,1460,337,86,86,4287,1,10,5,13,6
1019,86,16,67,75,119,95,154,218,2,2,1,3,6
2626,86,16,5,44,125,11,98,104,3,2,1,3,3
1297,86,27,45,125,18,107,152,170,4,3,1,3,6
1756,86,44,0,10,0,0,0,55,1,1,0,2,7
2306,86,50,35,126,30,15,35,222,1,3,0,3,7
2969,86,50,17,75,17,8,42,125,2,1,0,3,8
1925,86,54,54,108,54,123,116,278,3,2,1,3,7
2167,86,78,7,65,7,7,33,130,2,1,0,4,4
2212,86,83,0,40,7,4,11,123,1,1,0,3,5
2470,86,84,11,114,0,19,57,171,2,2,0,4,6
1301,86,107,0,31,0,0,4,134,2,2,0,3,5
1359,86,181,0,86,0,0,114,152,4,3,2,2,8
2487,86,181,0,86,0,0,114,152,4,3,2,2,8
2509,86,181,0,86,0,0,114,152,4,3,2,2,8
1740,86,272,0,25,0,0,57,240,1,3,2,2,5
1377,86,302,27,187,6,27,71,477,1,4,1,4,6
2746,86,302,27,187,6,27,71,477,1,4,1,4,6
1641,86,314,3,122,19,3,239,223,4,3,2,3,6
3092,86,507,207,282,391,60,659,789,4,5,2,12,5
2864,86,591,34,371,182,20,91,1107,2,6,3,4,6
1452,86,958,120,363,80,14,14,1521,3,7,2,8,6
2818,86,960,163,1007,91,141,210,2152,1,4,4,6,2
1761,86,988,29,1310,187,437,0,2951,1,4,4,10,1
2674,86,1442,214,1226,608,252,252,3490,2,9,6,8,5
1262,86,1567,18,248,25,55,18,1896,2,6,3,12,4
1897,86,1754,45,365,118,21,66,2238,1,3,4,7,2
2826,85,11,5,22,16,5,11,49,1,1,0,2,8
2372,85,39,0,11,0,0,4,46,1,1,0,2,6
1110,85,51,21,106,0,38,128,89,2,1,1,3,5
2777,85,362,0,27,0,11,97,303,2,3,1,4,5
1563,85,411,37,130,48,6,11,620,6,4,2,4,7
3044,85,440,426,426,246,93,79,1552,1,6,3,10,3
1249,85,545,7,202,78,42,23,852,4,4,1,6,5
2024,85,676,69,960,146,76,463,1465,1,4,5,4,2
2529,85,676,69,960,146,76,463,1465,1,4,5,4,2
2338,85,1247,289,2203,432,83,40,4214,1,5,8,5,2
1478,85,1410,36,367,22,0,73,1763,1,9,4,6,7
1294,85,1546,25,916,34,103,25,2600,1,2,5,10,1
2678,85,1640,0,183,0,0,37,1786,6,8,2,9,5
1955,85,1858,309,964,134,206,34,3438,1,4,6,13,2
2887,85,1858,309,964,134,206,34,3438,1,4,6,13,2
2243,85,2697,120,980,213,163,87,4085,1,7,8,11,3
2464,85,3331,205,370,159,80,246,3899,2,11,8,8,6
2388,84,17,3,23,7,3,13,40,1,1,0,2,7
2310,84,28,23,79,14,112,215,42,2,2,2,2,7
2268,84,69,6,31,19,13,107,31,2,1,2,2,4
1158,84,72,48,92,39,82,97,237,3,2,1,3,5
1978,84,72,48,92,39,82,97,237,3,2,1,3,5
1935,84,95,0,25,6,0,44,82,1,1,1,2,6
1086,84,141,10,73,0,0,0,225,3,3,1,3,5
2656,84,155,18,101,25,22,119,202,4,3,1,3,5
2831,84,185,3,35,8,14,35,209,1,2,0,4,6
1944,84,279,14,160,0,59,7,505,5,2,1,5,6
1665,84,414,21,293,21,21,146,624,2,3,1,6,5
3147,84,414,21,293,21,21,146,624,2,3,1,6,5
2040,84,833,69,699,456,134,134,2058,1,2,8,6,1
1214,84,875,21,233,0,32,536,625,2,8,2,4,8
1268,84,875,21,233,0,32,536,625,2,8,2,4,8
1593,84,915,0,1321,328,49,49,2565,1,6,4,7,3
2203,84,936,140,250,110,280,94,1622,1,5,7,9,4
2799,84,1066,49,700,302,546,674,1989,2,9,5,9,7
2125,84,1311,320,642,129,98,346,2154,1,6,5,13,3
2461,84,1339,61,344,157,162,19,2043,3,6,3,13,4
2408,84,1442,44,246,229,306,87,2178,1,6,5,11,2
2492,84,1886,0,237,28,20,215,1955,5,10,3,8,8
2897,84,2775,57,249,149,226,57,3400,0,7,9,6,4
2282,83,21,32,43,32,16,53,90,1,2,0,3,7
1154,83,59,3,106,20,10,92,106,3,2,0,4,6
1864,83,65,0,56,18,15,9,145,2,2,0,3,6
1115,83,72,0,59,30,13,8,165,1,1,0,3,7
3099,83,72,0,59,30,13,8,165,1,1,0,3,7
1787,83,94,3,52,6,19,0,174,1,1,1,3,2
2847,83,101,3,26,0,0,26,104,2,2,0,3,6
2905,83,120,10,94,5,5,3,233,1,2,0,4,5
1386,83,225,17,205,10,27,64,420,5,2,1,5,5
1928,83,333,62,126,57,62,113,525,2,4,2,5,3
2567,83,467,155,739,228,408,96,1901,1,4,3,5,2
2391,83,523,153,381,140,22,274,945,4,4,3,8,4
1725,83,680,58,798,306,69,89,1822,1,6,9,5,3
2053,83,1262,56,470,51,56,149,1745,3,9,2,9,6
1398,83,1360,79,721,0,51,292,1919,2,5,4,8,3
1585,83,1363,73,350,26,54,257,1610,3,5,3,12,5
2457,83,1363,73,350,26,54,257,1610,3,5,3,12,5
1642,83,1414,0,181,19,31,14,1630,4,7,2,9,6
1809,83,1922,63,914,163,125,125,3061,1,8,9,4,4
1449,83,1974,63,1051,40,95,0,3222,1,2,8,9,1
1481,83,3171,0,731,104,80,39,4048,1,4,9,4,6
1914,82,5,20,15,39,44,35,89,1,1,0,3,8
2668,82,5,31,10,41,10,61,36,1,1,0,2,7
1351,82,8,12,83,25,46,37,137,2,2,0,3,7
2695,82,13,13,7,20,7,13,47,1,1,0,2,8
2228,82,42,0,17,0,0,14,45,1,0,1,2,5
2446,82,43,16,48,101,21,117,112,3,1,1,3,6
2779,82,58,0,16,0,0,36,39,2,1,1,2,7
3212,82,64,8,-69,19,3,61,101,3,3,1,2,9
2892,82,87,0,57,0,8,26,125,2,3,0,3,6
2498,82,124,22,77,40,15,29,248,1,2,1,3,6
2768,82,124,22,77,40,15,29,248,1,2,1,3,6
2429,82,129,0,59,0,0,10,178,1,2,0,3,7
3197,82,242,30,262,71,10,232,383,3,3,1,2,9
3009,82,385,101,322,98,35,507,434,1,6,2,3,8
1012,82,502,158,1242,582,290,78,2695,1,3,4,8,2
2920,82,830,109,1578,251,27,275,2519,2,3,4,10,3
1185,82,1167,38,1828,61,389,115,3369,1,4,6,6,2
2267,82,1271,0,66,17,0,11,1343,2,9,2,5,7
1905,82,1790,218,950,522,328,73,3736,1,11,4,10,5
1317,82,2279,28,547,0,0,58,2796,2,9,3,5,5
2033,82,3218,54,1909,355,0,436,5100,1,7,8,9,5
2151,81,0,0,16,24,24,63,0,1,1,0,2,5
3215,81,8,8,18,15,5,23,31,1000000,1,0,2,7
1306,81,12,12,27,23,8,35,47,1,1,0,2,7
3200,81,12,12,27,23,8,35,47,1,1,0,2,7
2739,81,28,6,39,94,78,61,183,2,2,1,3,6
2519,81,41,0,9,0,0,3,47,1,0,0,3,5
3042,81,63,12,59,8,4,43,102,1,1,0,3,7
2399,81,85,3,23,0,0,9,103,1,1,0,3,7
2205,81,247,4,64,12,8,24,311,4,2,1,4,5
2217,81,273,3,53,6,0,31,303,1,2,1,4,3
1187,81,301,3,248,22,3,248,329,6,5,1,3,8
1169,81,446,9,65,6,15,21,520,1,4,1,4,5
2532,81,521,6,137,19,6,59,630,7,4,2,4,8
2555,81,677,114,356,98,37,64,1218,1,7,2,7,7
2120,81,690,15,169,9,6,60,829,2,6,2,4,7
3188,81,735,84,240,30,131,60,1160,3,3,2,10,4
2683,81,745,0,315,455,247,132,1630,1,7,2,10,5
1781,81,863,13,416,94,71,42,1415,4,4,4,9,4
1652,81,1123,164,1150,215,137,27,2761,3,7,8,10,5
2985,81,1403,122,2227,430,81,206,4058,1,5,6,5,3
2881,81,1690,125,629,32,50,202,2324,4,6,11,7,5
1456,81,2056,22,345,30,22,22,2453,7,8,6,9,6
1876,81,2318,22,149,31,0,680,1840,2,8,10,5,6
1205,81,2360,35,915,92,105,35,3472,1,8,10,6,3
2003,81,2515,92,428,41,0,275,2800,7,11,3,4,7
1663,81,2779,329,943,430,329,282,4526,1,11,5,13,7
2172,81,3225,0,174,92,35,104,3421,4,7,4,10,4
1173,80,5,41,32,9,64,45,104,1,2,0,3,6
2743,80,5,41,32,9,64,45,104,1,2,0,3,6
1848,80,37,0,25,0,0,0,61,1,1,0,2,7
1931,80,50,0,60,9,18,50,87,1,2,0,3,4
3120,80,61,61,75,89,68,109,246,4,3,1,3,8
2640,80,72,27,68,51,10,31,198,1,2,0,3,7
2731,80,82,7,79,0,27,82,113,3,2,1,3,6
1580,80,83,62,93,36,5,67,212,1,2,0,3,7
2790,80,95,0,50,0,0,6,139,1,1,0,3,9
1384,80,96,4,105,0,33,29,209,4,2,1,3,6
2559,80,105,25,32,6,32,10,191,2,2,1,3,4
2772,80,109,11,113,11,8,34,218,2,3,0,3,6
3018,80,119,0,23,10,0,10,142,1,2,0,3,5
1844,80,165,125,247,301,147,237,749,6,4,1,6,7
2068,80,332,59,225,232,118,177,788,0,9,9,4,5
1514,80,502,189,257,300,177,189,1236,4,4,3,8,5
3173,80,598,0,87,0,0,68,617,6,3,1,5,8
3019,80,617,137,236,181,126,428,868,8,4,3,6,7
2675,80,1021,332,902,0,119,475,1899,5,8,4,11,6
1378,80,1337,84,273,0,17,188,1523,3,5,3,12,3
3005,80,1525,109,531,0,42,89,2118,2,11,8,4,6
1184,80,1598,39,258,78,39,19,1992,1,7,3,12,3
3084,80,1858,70,381,63,23,143,2251,2,6,8,10,4
1550,80,1869,25,403,163,100,105,2455,4,4,2,9,8
2719,80,1927,19,169,0,0,41,2074,2,11,3,7,8
2269,80,2132,324,1855,302,93,463,4242,1,5,7,10,2
3031,80,2305,383,1075,48,0,75,3736,3,2,10,12,7
3090,79,20,0,20,0,0,25,15,1,1,0,2,7
2005,79,27,61,108,115,0,81,230,2,2,1,2,8
1315,79,46,5,31,15,0,21,77,1,1,0,2,8
2411,79,67,8,46,13,0,67,67,2,1,1,2,8
1759,79,77,3,33,0,3,12,103,2,1,0,3,3
1723,79,85,3,64,9,0,31,131,3,2,1,3,5
3020,79,150,23,329,13,83,143,455,3,4,1,4,6
1829,79,312,3,162,39,27,42,501,2,3,1,5,5
1084,79,384,26,111,11,0,20,512,1,2,2,5,2
1203,79,584,24,584,85,65,304,1038,6,8,1,5,8
1586,79,949,76,1231,168,178,128,2474,1,3,4,9,1
2091,79,1188,129,1034,198,76,37,2588,1,2,2,11,1
2345,79,1266,23,478,373,333,191,2282,1,6,3,6,3
1704,79,1424,396,1424,410,396,594,3456,1,5,6,4,3
2987,79,1845,87,1494,81,394,43,3859,1,7,7,9,2
1165,79,1857,145,261,189,195,243,2403,1,9,10,5,4
2455,79,2598,0,165,0,0,83,2681,2,7,5,13,5
1863,78,34,4,19,0,0,4,52,1,0,0,3,5
2093,78,34,0,11,0,0,0,45,1,1,0,2,5
1160,78,54,18,27,49,36,72,112,2,2,0,3,8
2580,78,56,5,98,9,9,14,164,2,2,0,3,7
1963,78,88,12,72,0,0,44,128,1,2,0,3,7
1912,78,98,29,86,51,29,105,187,1,1,1,4,3
1916,78,105,0,61,8,4,8,170,2,3,0,3,8
2051,78,105,0,61,8,4,8,170,2,3,0,3,8
2841,78,113,0,53,16,8,32,158,3,2,1,3,5
3127,78,238,40,238,91,112,13,706,1,4,1,6,4
2734,78,315,274,466,37,288,137,1242,3,7,4,7,5
2558,78,564,104,1268,115,71,33,2089,1,5,3,6,1
1443,78,995,240,1118,550,240,80,3063,1,5,7,6,3
2598,78,995,240,1118,550,240,80,3063,1,5,7,6,3
2691,78,1383,53,976,104,215,106,2626,2,6,3,6,5
2291,78,1413,36,1823,534,0,109,3696,1,7,5,10,4
2452,78,1413,36,1823,534,0,109,3696,1,7,5,10,4
1309,78,1472,59,410,24,80,142,1902,6,8,2,8,8
1371,78,1472,129,366,85,129,410,1771,4,4,5,13,2
1623,78,1472,129,366,85,129,410,1771,4,4,5,13,2
2086,78,1759,123,926,39,215,0,3063,1,4,5,11,2
2081,78,1967,353,943,408,353,59,3965,0,4,7,6,1
2246,78,1967,353,943,408,353,59,3965,0,4,7,6,1
2107,78,2065,101,1066,177,101,205,3306,4,5,3,6,8
2194,78,2269,138,2132,58,44,138,4504,1,5,9,6,3
1497,78,2479,195,866,153,274,117,3849,1,5,6,7,1
2533,77,12,4,12,33,0,21,41,1,1,0,2,7
3050,77,17,17,132,188,39,171,221,1,2,1,3,5
2069,77,26,0,30,7,3,10,56,1,1,0,2,6
1647,77,38,6,44,146,25,121,140,1,1,1,2,8
2400,77,38,6,44,146,25,121,140,1,1,1,2,8
2706,77,38,6,44,146,25,121,140,1,1,1,2,8
2878,77,39,4,104,9,4,9,152,3,3,0,3,6
1501,77,53,34,43,14,5,53,97,1,1,0,3,7
2258,77,83,0,93,28,104,35,273,2,3,0,3,7
1170,77,86,79,72,21,86,64,279,3,2,1,3,6
2294,77,94,108,299,97,108,32,673,3,3,1,7,4
2630,77,114,19,88,15,4,15,225,1,2,0,3,7
1163,77,172,0,35,0,0,140,67,1,2,2,2,4
2001,77,174,8,100,15,4,4,297,3,3,1,3,7
1588,77,241,9,78,12,6,42,305,4,3,1,3,7
2503,77,242,36,78,59,0,96,319,3,2,2,2,7
1490,77,568,409,976,267,91,73,2238,1,5,10,8,3
1491,77,1100,156,723,326,89,187,2207,1,3,7,11,1
2664,77,1100,156,723,326,89,187,2207,1,3,7,11,1
1699,77,1189,219,995,0,330,470,2263,6,11,5,9,6
2637,77,1339,61,584,81,61,165,1962,2,6,4,12,4
1241,77,1509,65,819,104,97,70,2525,5,4,6,11,8
1477,77,1876,0,187,27,0,353,1738,4,2,6,3,8
3139,77,2315,25,325,33,0,325,2373,1,11,3,12,7
1408,77,2666,87,1486,114,0,44,4310,0,7,10,5,2
2123,76,6,28,46,23,46,114,34,2,2,1,2,6
1824,76,12,86,172,98,18,43,344,4,4,0,3,9
1394,76,21,115,58,16,37,168,79,2,3,0,3,8
1036,76,31,16,73,78,37,188,47,3,3,1,2,7
1509,76,32,16,61,28,24,8,154,1,1,0,3,8
2164,76,46,92,23,160,46,306,61,5,2,2,3,5
1280,76,56,21,154,147,7,91,295,3,3,0,3,9
3175,76,169,0,41,0,0,12,197,4,2,1,3,7
1612,76,184,22,577,45,13,13,828,3,4,1,4,9
2124,76,224,0,48,0,0,72,200,2,2,0,4,7
3106,76,270,31,125,10,31,13,454,1,2,2,5,2
1651,76,314,45,105,20,25,51,458,3,3,1,5,3
2949,76,314,45,105,20,25,51,458,3,3,1,5,3
1923,76,593,217,1345,107,155,217,2199,1,3,2,6,1
2524,76,737,88,450,116,148,163,1375,2,8,3,7,7
1416,76,1280,117,450,370,236,236,2217,15,9,6,9,7
2207,76,1626,39,279,53,18,118,1897,1,11,2,8,6
1755,76,1672,31,188,31,31,188,1766,0,0,0,1,20
1785,76,3195,132,627,470,178,89,4514,3,2,8,12,8
1061,75,5,15,29,15,29,73,20,1,1,1,2,7
1406,75,13,13,13,13,6,6,51,1,1,0,2,8
2994,75,34,0,22,0,13,26,43,1,0,0,3,8
2409,75,35,12,58,8,12,8,116,2,2,0,3,6
1272,75,64,26,85,17,21,85,128,1,3,1,2,7
1229,75,75,5,38,11,5,5,129,1,2,0,2,9
2272,75,75,5,38,11,5,5,129,1,2,0,2,9
2418,75,79,0,129,22,28,107,152,3,3,0,3,9
1808,75,80,4,29,7,4,7,117,2,1,0,3,8
2095,75,136,21,129,21,7,0,314,3,3,0,3,8
2405,75,136,360,265,723,66,306,1244,1,6,1,6,7
1695,75,296,39,197,129,24,12,673,3,4,1,5,7
1659,75,453,196,361,61,104,220,954,1,2,2,12,1
1545,75,554,340,2090,129,298,84,3326,0,6,6,7,2
1891,75,1374,64,1533,207,64,64,3178,1,3,10,8,1
2968,75,2094,68,858,222,206,33,3415,1,5,5,5,5
1365,74,18,36,30,0,12,36,60,1,0,0,3,7
1643,74,18,36,30,0,12,36,60,1,0,0,3,7
1129,74,63,4,45,11,4,15,111,2,2,0,3,7
2222,74,124,3,32,8,0,24,143,2,2,0,3,4
1278,74,141,0,202,72,29,50,393,3,3,1,3,7
3034,74,141,0,202,72,29,50,393,3,3,1,3,7
1537,74,164,16,257,104,115,229,426,1,3,2,2,8
1804,74,164,16,257,104,115,229,426,1,3,2,2,8
1109,74,176,336,351,460,385,448,1259,5,9,1,5,9
2491,74,176,150,255,18,59,150,507,2,4,2,4,5
2360,74,239,28,97,31,28,80,344,4,3,1,4,6
1714,74,463,6,319,23,6,97,721,5,6,1,4,8
1594,74,477,61,359,94,85,189,887,2,3,1,6,6
1270,74,515,18,376,50,38,167,830,1,5,1,8,2
3129,74,580,31,124,10,31,31,745,1,6,2,4,6
2292,74,649,16,238,35,16,45,910,3,6,1,5,7
2569,74,649,16,238,35,16,45,910,3,6,1,5,7
1571,74,691,123,492,141,123,29,1542,2,4,4,10,2
2720,74,720,293,1540,60,262,196,2680,1,4,11,7,2
2143,74,1224,11,78,0,0,24,1288,1,8,1,7,7
2858,74,1507,127,407,112,21,280,1893,1,5,6,11,2
2479,74,1535,17,259,23,17,276,1575,13,8,2,9,8
1234,74,2158,149,418,310,28,180,2883,2,9,4,6,5
2206,74,2221,28,420,110,28,28,2778,2,5,4,9,3
2784,74,2493,88,1514,230,222,96,4451,1,3,5,8,3
2115,74,2531,327,1779,0,45,92,4589,1,7,5,8,4
1871,73,145,12,83,17,4,83,178,2,2,0,3,9
2974,73,223,94,166,82,89,166,489,1,4,1,6,3
2816,73,364,105,1311,137,157,157,1916,1,3,10,4,2
2983,73,447,5,120,42,32,49,596,1,3,1,7,2
3187,73,597,10,451,91,84,217,1017,4,6,1,6,7
1883,73,607,252,1011,72,100,100,1942,1,4,5,6,2
2471,73,624,407,745,531,215,119,2403,2,4,7,13,2
2141,73,693,16,91,23,23,133,713,1,4,1,6,5
1132,73,862,61,1634,78,86,272,2449,1,5,7,10,2
1399,73,1120,0,1370,362,0,28,2823,1,3,5,10,1
2971,73,1140,52,265,405,63,100,1826,1,6,5,4,4
1598,73,1195,280,762,197,151,126,2458,3,6,3,13,5
1536,73,1215,0,64,16,11,90,1215,2,6,2,8,6
1672,73,1227,0,590,313,129,261,1999,1,5,3,4,2
2250,73,1367,56,1326,95,39,117,2766,1,6,6,6,2
2833,73,1715,107,1463,230,141,70,3586,1,2,8,12,1
2496,73,1954,238,1554,105,159,118,3892,1,10,2,6,3
1900,73,2246,150,1086,342,0,37,3786,1,6,9,9,3
1627,73,2746,240,1734,0,96,336,4480,1,4,2,6,2
1507,73,3335,80,522,0,80,160,3857,1,2,4,9,6
1429,72,0,0,5,11,64,26,53,1,1,0,2,8
2824,72,10,40,40,30,5,45,80,2,1,0,3,8
2894,72,59,0,16,0,0,8,67,1,1,0,2,7
1192,72,76,0,45,0,0,10,111,2,1,0,3,7
1531,72,130,22,133,62,37,31,352,1,3,0,4,6
3110,72,159,15,44,30,0,100,148,5,2,1,4,5
2159,72,198,23,86,0,18,86,239,3,2,0,4,5
1425,72,214,78,86,44,0,11,411,2,2,1,5,4
1043,72,277,369,599,511,68,392,1432,1,2,4,9,1
2756,72,312,3,70,0,13,84,315,3,2,1,4,5
1998,72,361,11,208,43,17,31,609,1,2,1,7,2
1511,72,421,45,457,200,93,105,1111,1,4,4,6,3
2236,72,824,0,245,11,31,65,1046,4,7,2,5,7
1619,72,845,44,1556,83,118,356,2289,1,9,11,11,5
1795,72,857,153,1561,159,336,63,3002,0,5,5,12,1
1120,72,1128,44,252,37,28,28,1460,4,6,3,10,4
1794,72,1138,0,692,261,200,200,2091,6,5,7,9,4
2672,72,1146,45,274,56,43,43,1521,0,4,2,5,1
2740,72,1158,177,622,232,87,154,2121,3,9,2,12,6
2787,72,1289,18,523,52,140,38,1984,1,4,3,6,1
2179,72,1305,18,591,78,80,182,1889,1,3,5,5,1
1088,72,1559,0,80,0,0,232,1408,5,7,4,6,6
2763,72,1586,56,338,590,397,338,2628,13,2,2,12,8
1216,72,1783,194,1666,151,115,38,3870,1,3,5,8,2
2354,72,1914,22,464,31,22,244,2209,5,8,4,11,6
2807,72,1940,48,402,65,74,99,2430,8,6,4,13,6
1476,72,2276,46,901,556,116,93,3802,1,3,5,13,6
1382,71,11,0,32,42,32,26,90,1,1,0,3,7
1850,71,17,51,64,81,30,51,192,2,2,0,3,7
3168,71,36,79,115,151,57,323,115,2,2,2,2,8
1383,71,47,32,71,47,284,276,205,4,2,2,3,7
1724,71,47,39,86,47,29,143,104,2,3,0,4,6
2849,71,54,30,9,9,15,0,118,1,1,0,3,2
1782,71,59,3,31,6,3,25,78,1,1,0,3,5
2845,71,62,10,71,10,10,38,124,2,2,0,3,6
1841,71,69,11,95,32,5,0,212,2,2,0,3,8
2642,71,78,19,11,37,4,26,123,3,1,1,4,2
1636,71,89,6,74,0,3,27,146,1,1,1,4,2
2581,71,100,0,11,0,0,0,111,1,2,0,2,8
1492,71,131,15,255,12,39,77,375,1,2,1,4,7
2554,71,131,15,255,12,39,77,375,1,2,1,4,7
2882,71,180,0,64,8,4,24,233,1,3,0,3,7
2693,71,283,16,231,23,39,94,498,5,4,1,4,7
2078,71,358,179,825,150,87,92,1507,1,3,3,8,1
1441,71,391,37,243,10,57,155,583,4,4,1,5,6
2090,71,498,23,143,50,53,15,751,7,4,1,7,4
1327,71,1016,38,183,51,38,38,1287,2,3,5,8,3
2874,71,1016,38,183,51,38,38,1287,2,3,5,8,3
1434,71,1172,44,878,117,65,90,2186,5,4,7,11,3
2623,71,1295,95,484,76,19,230,1739,1,5,3,12,2
2666,71,1626,191,1084,204,126,223,3009,1,8,4,6,5
2696,71,2037,92,1946,60,52,46,4142,1,7,5,12,3
2420,71,2135,371,1485,544,232,278,4488,1,7,5,10,4
3213,71,2234,26,375,-34,26,52,2643,2,9,4,12,8
2786,71,2439,94,512,0,160,383,2822,6,4,4,7,9
3198,71,2757,32,462,42,32,65,3261,2,9,4,12,8
2617,71,3734,0,156,0,38,550,3378,5,2,5,6,5
2669,70,78,26,123,78,39,91,253,1,2,0,3,8
1775,70,98,60,110,82,44,164,230,2,1,1,5,3
3007,70,100,7,153,0,33,7,287,3,3,0,3,8
1254,70,279,7,127,0,4,250,167,4,3,2,2,7
1519,70,535,37,349,25,0,47,899,4,6,1,5,7
2382,70,535,37,349,25,0,47,899,4,6,1,5,7
1974,70,556,161,720,350,89,179,1697,4,5,3,12,4
1200,70,729,0,98,0,0,33,794,8,5,1,5,8
1083,70,790,135,1282,248,300,327,2428,1,5,6,7,2
2015,70,790,135,1282,248,300,327,2428,1,5,6,7,2
2286,70,796,18,153,24,18,191,817,6,7,1,5,8
2021,70,1062,63,76,16,63,574,706,2,5,5,6,3
2792,70,1199,64,999,215,331,365,2443,1,5,7,9,7
2712,70,1283,48,1013,66,101,66,2445,1,4,5,13,1
1960,70,2102,49,383,32,0,562,2004,5,10,6,7,7
2830,70,2630,0,169,0,28,28,2799,4,10,8,10,6
3040,70,2849,76,760,48,76,37,3771,2,4,7,4,7
2096,70,2928,67,335,0,33,402,2962,3,3,3,5,6
3101,69,7,22,14,145,217,341,65,3,2,1,2,8
2336,69,29,54,98,0,72,120,134,2,3,1,2,8
1085,69,50,7,34,0,3,13,81,1,1,0,3,7
1355,69,489,12,138,18,6,117,547,6,5,1,4,8
2769,69,531,4,161,39,4,264,476,5,3,3,3,6
1513,69,625,30,203,91,82,215,816,6,4,1,8,6
2150,69,810,89,945,351,133,111,2218,1,3,4,8,1
1024,69,934,10,93,135,21,342,851,7,7,1,5,8
1565,69,934,10,93,135,21,342,851,7,7,1,5,8
1717,69,1073,196,847,439,338,422,2471,2,8,5,4,4
1587,69,1077,42,299,0,13,129,1303,3,5,2,10,5
1942,69,1427,0,107,20,0,122,1433,3,6,3,8,5
1116,69,1430,53,202,87,143,333,1583,0,6,8,13,2
3149,69,1680,0,68,0,0,16,1732,4,8,2,7,8
2578,69,2454,29,519,39,29,152,2918,1,4,5,10,3
1070,68,7,3,21,7,3,3,38,1,1,0,2,6
3081,68,27,8,35,8,0,8,70,2,1,0,3,4
1291,68,72,5,109,10,16,129,83,3,3,1,3,7
2299,68,74,7,33,15,22,74,77,1,1,1,2,4
2916,68,86,5,63,14,9,18,159,1,1,0,3,8
2526,68,137,3,74,16,19,3,246,1,1,1,4,1
3093,68,162,0,30,0,0,6,186,2,1,0,4,5
2447,68,281,27,227,51,4,94,496,4,4,1,3,8
2029,68,288,46,542,165,150,718,472,6,6,1,5,8
2690,68,288,46,542,165,150,718,472,6,6,1,5,8
2454,68,385,3,186,24,24,124,498,1,3,2,4,3
2735,68,430,194,249,308,277,153,1305,3,7,2,8,4
2162,68,445,27,252,20,0,36,707,1,4,1,5,6
2337,68,475,44,676,201,183,76,1503,1,6,2,10,4
1010,68,524,0,112,19,19,243,430,1,1,0,0,20
2573,68,531,30,486,11,41,177,924,3,7,1,4,9
2061,68,630,271,838,163,231,293,1839,1,4,3,5,2
2270,68,822,325,438,148,209,363,1580,2,7,2,10,6
2036,68,839,106,1290,41,0,63,2214,1,3,5,12,2
2747,68,839,106,1290,41,0,63,2214,1,3,5,12,2
1530,68,902,100,2005,130,232,100,3269,1,3,6,4,1
2223,68,947,244,339,124,265,152,1768,1,5,10,7,1
2982,68,1072,0,105,14,0,310,881,4,5,5,3,8
2788,68,1131,436,1459,235,436,181,3517,1,2,3,6,7
1095,68,1416,204,695,201,101,204,2413,1,6,3,6,4
2702,67,47,37,68,16,11,105,74,1,1,1,2,6
1903,67,53,70,88,7,25,91,151,1,2,0,4,6
1460,67,68,10,14,7,0,7,92,2,1,0,3,3
2214,67,81,14,86,14,14,27,181,2,2,0,3,8
3184,67,81,14,86,14,14,27,181,2,2,0,3,8
1523,67,102,16,102,21,27,139,129,3,3,0,3,7
1504,67,115,4,51,9,0,43,136,2,2,0,3,7
1798,67,370,0,1230,278,855,370,2362,3,10,2,4,9
2103,67,427,0,272,20,38,213,543,5,4,2,5,7
2860,67,538,23,387,163,163,35,1239,2,7,1,7,7
2918,67,652,197,514,359,335,533,1524,1,4,6,12,1
1348,67,727,24,471,18,24,191,1071,7,6,3,6,7
1902,67,750,62,1127,524,29,434,2058,1,2,10,6,1
2862,67,1255,215,1795,140,178,75,3508,1,5,5,5,2
1866,67,1972,122,1520,373,204,286,3904,1,3,2,13,1
2111,67,2025,20,132,27,0,174,2030,4,2,2,9,7
3068,67,2581,28,296,76,28,176,2833,1,2,3,4,6
1217,66,16,4,35,12,0,0,67,1,1,0,2,8
2975,66,36,10,41,15,10,15,97,1,1,0,3,6
1354,66,38,15,27,0,23,11,91,1,1,0,3,6
3137,66,78,14,34,0,7,51,81,1,1,0,3,4
1202,66,576,24,1335,612,210,130,2626,1,3,4,9,1
2182,66,601,283,460,278,212,229,1605,3,9,2,8,7
2084,66,608,6,86,20,20,29,711,2,4,1,6,5
1376,66,880,357,786,218,213,190,2264,1,5,4,6,2
1909,66,880,357,786,218,213,190,2264,1,5,4,6,2
2646,66,961,231,1655,71,422,114,3225,1,5,6,6,2
1838,66,1050,180,326,236,70,180,1681,3,6,2,11,5
1786,66,1238,0,78,0,0,63,1253,6,7,1,7,7
2537,66,1238,0,78,0,0,63,1253,6,7,1,7,7
1957,66,2666,122,984,371,40,40,4143,1,2,4,12,1
1487,66,2674,0,358,171,97,391,2909,2,4,3,12,8
2855,66,2942,258,734,56,345,80,4256,1,5,8,4,6
1220,65,11,4,29,14,11,11,57,1,1,0,2,8
1677,65,15,8,43,8,0,15,58,1,1,0,2,6
1976,65,15,8,43,8,0,15,58,1,1,0,2,6
3098,65,16,0,8,0,0,8,16,1,1,0,2,7
2060,65,24,7,21,7,0,10,48,1,1,0,2,7
2155,65,26,120,78,0,94,73,245,2,2,0,3,8
1811,65,28,14,79,31,3,22,132,1,2,0,3,5
2505,65,42,67,18,61,24,121,91,2,1,1,3,5
2226,65,59,59,176,59,59,59,353,15,0,0,0,20
1330,65,98,0,29,0,0,10,117,2,1,0,3,6
2448,65,113,0,19,0,4,19,116,1,1,0,3,5
2373,65,118,14,76,38,24,9,261,2,2,1,3,6
1139,65,127,48,87,36,60,24,335,1,2,1,4,3
3167,65,144,4,59,7,0,11,203,4,3,0,3,8
2016,65,178,151,593,187,119,201,1027,2,5,1,5,8
1517,65,283,15,233,8,23,96,466,2,3,2,5,4
2435,65,551,231,443,418,231,50,1823,2,5,2,9,6
2507,65,620,20,95,9,0,37,707,6,5,1,5,7
1969,65,701,59,1443,406,83,273,2419,1,4,9,13,2
1112,65,890,134,370,108,200,134,1569,4,6,2,10,4
2121,65,890,134,370,108,200,134,1569,4,6,2,10,4
2838,65,981,169,576,248,212,128,2059,1,5,4,4,2
1349,65,1141,0,260,79,76,401,1155,2,6,2,9,4
1941,65,1355,205,413,60,297,275,2056,2,4,7,13,2
1515,65,1471,128,618,302,128,128,2518,1,4,7,5,1
1342,65,1596,43,449,175,0,20,2242,1,5,3,5,2
2481,65,1937,21,323,28,21,67,2262,1,4,3,6,2
1570,65,2388,47,1194,72,0,505,3197,1,5,11,5,3
1326,65,3101,0,127,0,0,96,3132,3,4,2,11,8
2901,65,3101,0,127,0,0,96,3132,3,4,2,11,8
2755,64,0,24,42,65,60,89,101,2,2,0,3,6
1293,64,5,122,117,80,108,70,362,1,3,0,3,9
2035,64,56,0,61,9,0,47,80,1,1,0,3,7
2406,64,56,0,61,9,0,47,80,1,1,0,3,7
2917,64,115,0,31,31,10,31,156,1,1,0,3,7
1568,64,163,0,25,0,0,7,180,2,2,0,3,6
1757,64,242,0,59,0,0,21,280,2,2,1,3,6
2195,64,434,17,108,17,36,207,403,5,4,1,5,6
2607,64,531,7,170,20,7,80,655,3,4,1,5,5
1564,64,652,0,32,0,0,6,678,5,3,1,6,6
2185,64,728,25,1723,210,25,0,2711,1,3,4,9,1
1350,64,752,0,1840,291,95,65,2912,1,4,10,11,2
2209,64,899,8,48,11,20,158,828,5,4,1,8,4
2599,64,931,24,309,18,12,375,919,9,8,1,6,9
2576,64,1080,0,251,54,11,209,1189,4,8,5,3,7
1149,64,1203,25,869,335,204,128,2508,1,3,4,10,1
1857,64,1264,13,310,40,30,327,1330,7,6,6,4,6
1266,64,1630,38,257,51,18,336,1658,1,9,3,9,6
2176,64,1630,38,257,51,18,336,1658,1,9,3,9,6
2374,64,1630,38,257,51,18,336,1658,1,9,3,9,6
1696,64,1727,92,678,279,369,339,2805,1,3,2,5,1
2231,64,2143,70,1249,92,70,107,3517,1,4,2,6,3
3100,64,2288,0,2104,119,91,0,4601,1,5,6,8,3
2229,63,29,0,24,0,0,6,47,1,1,0,2,8
1114,63,55,0,43,18,25,43,98,2,1,0,3,7
3159,63,79,3,24,0,14,83,38,1,1,1,2,7
2117,63,108,15,126,7,15,15,257,3,3,0,3,9
1175,63,143,0,8,0,0,8,143,2,1,0,4,5
2227,63,143,244,258,115,373,573,559,4,3,2,2,9
1992,63,246,3,94,6,3,0,352,1,1,1,5,2
2465,63,370,51,514,117,0,90,962,5,6,2,5,6
1156,63,617,15,96,20,0,6,742,1,3,2,6,4
3165,63,820,22,347,31,11,297,935,2,6,6,3,6
3043,63,1065,11,266,34,25,68,1334,3,6,2,8,5
1055,63,1246,0,78,0,0,120,1204,3,8,2,6,7
1482,63,1308,0,880,156,69,0,2413,3,6,7,11,3
3070,63,1308,0,880,156,69,0,2413,3,6,7,11,3
3131,63,1331,171,1434,311,238,171,3315,1,6,5,11,3
1190,63,1509,111,866,108,224,139,2678,3,11,6,9,6
1964,63,1509,111,866,108,224,139,2678,3,11,6,9,6
1635,63,1879,199,539,72,199,27,2860,5,9,6,12,6
2530,63,1879,199,539,72,199,27,2860,5,9,6,12,6
3037,63,1879,199,539,72,199,27,2860,5,9,6,12,6
1353,63,2289,0,412,35,26,110,2651,2,2,4,8,8
1656,63,2289,0,412,35,26,110,2651,2,2,4,8,8
1022,63,2346,0,233,0,0,51,2528,3,2,3,9,8
2297,62,38,6,63,10,6,16,108,1,1,0,3,7
2867,62,105,25,67,84,0,21,261,2,2,0,3,8
1783,62,108,89,112,112,54,182,294,3,2,1,4,6
2210,62,202,0,50,0,0,7,245,3,3,0,3,7
2676,62,202,0,50,0,0,7,245,3,3,0,3,7
2390,62,203,47,195,16,141,215,387,3,5,0,3,9
2635,62,710,39,425,134,12,155,1165,9,6,2,7,6
2827,62,768,126,2145,81,95,126,3090,1,4,6,10,2
1498,62,928,0,180,0,20,170,957,4,6,2,5,8
1276,62,948,11,310,15,11,195,1101,3,7,1,5,8
2023,62,982,242,888,94,161,27,2341,15,0,1,0,19
1707,62,999,56,1584,180,171,108,2881,1,6,5,12,2
2080,62,1695,97,442,160,97,97,2394,2,5,8,10,5
2912,62,2016,43,85,57,0,0,2201,3,11,2,8,8
2071,62,2031,41,1825,54,206,82,4074,1,6,6,7,2
1924,62,2288,49,1627,330,93,354,4033,0,5,8,5,2
2281,62,2288,49,1627,330,93,354,4033,0,5,8,5,2
2468,62,2695,368,1745,208,317,71,5261,1,7,11,10,4
1282,62,3459,0,223,0,36,111,3607,3,3,6,11,8
1591,61,24,5,63,14,24,5,125,1,1,0,3,7
2403,61,33,3,23,0,0,3,56,1,1,0,2,8
2133,61,72,29,43,43,0,72,115,1,1,0,2,8
1127,61,210,4,135,8,0,63,293,3,2,2,2,8
1340,61,232,0,33,0,0,30,235,1,2,0,4,6
1845,61,266,118,236,175,39,281,553,2,6,1,4,7
1822,61,318,227,182,35,154,98,818,3,3,2,6,5
1881,61,408,74,1099,132,230,127,1815,1,4,3,10,2
3055,61,421,54,1305,144,37,105,1855,1,4,6,7,2
2476,61,622,26,164,58,26,360,535,7,4,3,5,5
2154,61,872,17,87,0,0,117,860,3,8,2,4,7
2584,61,969,8,40,11,8,29,1006,5,7,2,5,6
2140,61,977,220,903,379,47,291,2234,2,7,6,10,5
2704,61,1283,24,522,476,419,469,2255,2,7,6,13,4
1852,61,1340,122,695,161,172,99,2391,2,5,5,4,3
2981,61,1478,206,1100,535,239,206,3352,3,8,4,8,5
2285,61,1601,18,410,26,0,143,1913,5,10,3,8,7
2649,61,1778,130,889,301,262,394,2966,4,8,9,13,5
3162,61,1962,188,855,122,61,410,2779,2,9,5,6,6
1543,61,3192,81,614,107,122,71,4045,1,5,10,4,6
1805,61,3192,81,614,107,122,71,4045,1,5,10,4,6
1247,60,8,15,60,30,23,98,38,2,1,1,2,7
2184,60,8,15,60,30,23,98,38,2,1,1,2,7
2404,60,25,36,61,29,21,47,125,2,2,0,3,7
1551,60,26,0,9,9,0,4,40,1,1,0,2,5
1464,60,68,25,68,0,4,86,78,1,2,1,2,7
2416,60,104,8,76,40,20,32,216,3,2,1,3,8
2815,60,352,16,229,8,16,29,594,3,4,0,4,9
1445,60,390,0,614,483,463,296,1654,1,3,7,11,1
1189,60,614,320,1281,519,53,213,2574,1,4,4,9,1
1709,60,805,8,212,28,8,72,989,7,6,3,5,7
1958,60,805,8,212,28,8,72,989,7,6,3,5,7
2933,60,911,144,1933,81,35,35,3069,1,6,11,10,2
1712,60,1000,11,224,17,0,123,1129,8,7,2,6,8
2927,60,1080,161,1268,210,27,242,2505,1,4,4,10,1
2943,60,1250,190,1314,292,223,126,3144,1,3,10,7,2
3155,60,1337,166,1639,129,98,57,3314,1,7,10,6,2
2641,60,1531,77,235,75,57,18,1956,1,6,3,12,4
1828,60,1536,20,393,0,20,177,1792,3,7,5,8,5
3022,60,1805,0,668,304,202,86,2893,1,7,8,12,4
3096,60,2903,0,795,102,197,38,3960,1,4,3,10,2
3067,60,3300,122,617,109,0,411,3737,2,4,4,10,6
1926,60,3427,0,141,0,0,106,3463,1,4,4,10,8
2931,59,35,0,31,13,4,4,79,1,1,0,3,6
1237,59,67,13,105,25,4,55,160,2,2,0,3,8
1011,59,86,229,158,158,14,229,416,1,2,0,3,8
1302,59,153,14,73,21,0,94,167,2,3,0,3,7
2298,59,153,14,73,21,0,94,167,2,3,0,3,7
1140,59,792,56,209,105,35,35,1163,1,4,4,7,3
1094,59,836,373,397,401,286,241,2052,2,9,5,11,5
2752,59,917,0,205,13,9,53,1091,2,5,1,5,8
2941,59,972,89,439,143,219,237,1625,2,8,2,10,5
1919,59,1043,48,669,65,67,298,1593,3,7,5,11,5
2582,59,1311,74,1009,0,268,67,2595,4,5,5,11,3
3126,59,1561,19,312,51,19,19,1943,2,7,4,9,6
2131,59,2013,110,501,142,55,82,2739,2,9,3,13,6
2514,59,2389,0,182,0,0,24,2547,3,3,4,9,8
2324,58,10,20,10,0,56,26,71,1,1,0,2,9
1458,58,23,6,35,23,6,53,41,1,1,1,2,5
1159,58,28,12,40,32,4,28,88,2,1,0,3,7
1069,58,63,45,59,18,68,41,213,1,2,1,4,2
1904,58,74,23,78,0,20,47,148,3,1,1,4,4
1555,58,115,0,18,0,0,4,130,2,1,0,3,7
1772,58,408,51,990,67,51,51,1516,1,5,4,7,2
2192,58,434,184,234,239,197,86,1202,2,2,4,10,1
1329,58,451,75,451,380,338,382,1313,1,2,9,4,1
3062,58,1065,231,283,480,138,554,1642,1,4,10,7,1
2940,58,1169,349,1909,405,115,115,3832,1,6,7,12,3
2012,58,1204,360,2009,261,240,40,4035,1,8,6,5,3
3112,58,1655,18,233,0,38,76,1868,7,9,4,8,6
1622,58,1666,49,589,200,101,172,2435,2,6,2,8,2
1001,58,1727,239,1485,468,239,239,3920,3,8,10,4,7
1518,57,50,14,99,9,9,27,153,2,2,0,3,6
2579,57,75,3,19,0,0,6,91,2,1,0,3,4
2629,57,94,0,25,0,0,40,79,2,1,0,3,6
1583,57,131,13,131,8,34,17,299,3,3,0,4,8
1567,57,172,56,107,37,51,241,181,1,2,1,3,7
3124,57,262,27,149,34,34,85,421,5,3,1,4,6
2896,57,482,465,241,111,446,446,1299,2,6,2,12,3
1051,57,822,23,311,30,60,273,973,7,4,2,10,3
1713,57,822,23,311,30,60,273,973,7,4,2,10,3
1540,57,869,240,387,288,127,333,1578,2,6,2,11,5
2798,57,992,215,361,187,90,415,1430,3,4,4,12,2
1624,57,1356,153,1511,39,0,60,2998,1,5,9,6,2
2632,57,1399,78,239,208,119,99,1944,1,5,3,13,3
2313,57,1626,147,248,382,393,195,2601,1,4,9,13,1
1752,57,1800,261,551,340,0,465,2487,1,8,5,6,3
2999,57,1809,103,543,166,24,490,2155,2,8,5,13,4
1373,57,1901,46,331,61,46,189,2197,3,2,2,12,5
1726,57,1976,68,756,164,68,419,2614,1,4,4,11,1
1988,57,1976,68,756,164,68,419,2614,1,4,4,11,1
2443,57,1976,68,756,164,68,419,2614,1,4,4,11,1
1144,57,2343,0,150,0,0,201,2293,2,8,5,11,5
1236,57,2433,71,464,558,177,177,3525,4,9,6,6,6
1338,57,2795,0,579,0,0,32,3341,5,11,3,5,6
2954,56,13,8,50,0,4,38,38,1,1,0,2,8
1424,56,22,18,58,36,0,18,117,1,1,0,3,8
2219,56,22,18,58,36,0,18,117,1,1,0,3,8
2616,56,30,0,53,8,11,26,76,1,1,0,3,5
2500,56,59,30,30,0,0,30,89,0,0,0,0,14
1558,56,93,22,93,22,0,0,230,2,2,0,3,8
2126,56,165,0,143,11,11,17,314,4,2,1,4,4
1996,56,241,180,443,80,115,30,1030,1,4,2,8,3
1372,56,250,0,39,7,29,82,243,1,2,1,3,6
2359,56,300,44,202,6,28,120,461,1,4,2,3,7
2857,56,381,0,48,0,3,12,420,2,4,0,4,7
1030,56,402,61,158,122,79,319,503,1,2,5,3,3
1078,56,402,61,158,122,79,319,503,1,2,5,3,3
2076,56,424,131,262,144,79,71,968,1,4,2,8,4
2837,56,424,131,262,144,79,71,968,1,4,2,8,4
1609,56,470,138,1109,505,68,416,1875,1,8,4,7,3
1628,56,514,6,126,25,35,35,671,7,3,1,6,6
1528,56,564,51,718,91,308,154,1579,2,4,6,8,3
1263,56,572,429,593,267,244,429,1676,2,7,4,10,5
2812,56,613,6,133,0,37,62,727,3,4,1,6,6
1927,56,711,114,393,150,131,363,1137,3,4,4,9,3
2622,56,807,19,184,11,0,51,970,2,6,2,6,6
2478,56,825,51,365,14,51,169,1136,6,7,1,6,8
2550,56,825,51,365,14,51,169,1136,6,7,1,6,8
1099,56,858,308,788,218,285,189,2268,4,6,4,12,6
1209,56,897,24,1285,190,71,24,2444,1,3,5,7,1
3217,56,1019,0,75,0,0,20,1075,7,8,0.2,5,7
2463,56,1040,0,77,0,0,20,1097,7,8,2,5,7
3202,56,1040,0,77,0,0,20,1097,7,8,2,5,7
2825,56,1180,59,1299,84,236,147,2710,1,5,10,12,6
1735,56,1648,216,869,242,186,186,2975,1,8,6,6,3
2365,56,1648,216,869,242,186,186,2975,1,8,6,6,3
1379,56,2257,0,1240,243,74,111,3704,1,4,9,10,2
2199,56,2257,0,1240,243,74,111,3704,1,4,9,10,2
2915,56,2481,33,761,0,33,265,3044,1,5,11,5,2
1164,56,2578,159,1007,155,159,58,4000,1,11,8,8,5
2256,56,2734,30,241,40,30,150,2925,4,3,4,11,8
2724,56,3351,193,1019,251,97,97,4814,2,4,4,5,2
1853,55,22,0,90,95,22,22,208,3,4,0,3,7
2173,55,27,0,30,46,79,79,103,1,1,2,2,4
1961,55,38,3,9,0,0,22,28,1,0,1,2,4
2770,55,50,0,45,0,9,90,14,1,1,1,2,6
1260,55,57,9,62,35,31,18,176,4,2,0,4,6
1389,55,71,0,34,9,6,6,114,1,1,0,3,6
1034,55,121,0,57,6,3,9,178,1,2,0,3,7
2200,55,242,0,86,12,4,102,242,2,2,2,2,7
2596,55,287,3,50,0,3,15,329,1,3,0,4,7
2682,55,327,29,312,88,0,58,698,2,5,2,4,7
2932,55,538,128,269,141,19,84,1010,5,5,3,5,7
2144,55,540,101,1353,76,58,121,2006,1,6,4,10,2
2340,55,996,65,184,103,0,238,1110,6,8,2,6,7
3193,55,996,65,184,103,0,238,1110,6,8,2,6,7
3208,55,1023,67,189,106,0,245,1140,6,8,2,6,7
2230,55,2003,48,337,30,0,48,2371,3,8,3,13,6
1737,55,2083,31,978,42,31,31,3134,5,7,6,5,6
1052,55,2178,113,956,398,266,421,3491,1,3,10,13,1
2634,55,2395,81,1280,320,122,81,4116,1,4,6,6,2
2814,55,2582,38,1089,209,159,483,3595,11,8,5,9,6
2163,55,3237,0,169,0,0,68,3338,3,9,5,4,7
2407,54,8,13,42,46,8,42,76,1,1,0,3,6
2477,54,8,13,42,46,8,42,76,1,1,0,3,6
1566,54,28,0,49,19,19,31,83,1,1,0,3,8
1049,54,46,23,76,114,4,11,250,2,2,0,3,7
2923,54,68,26,128,38,8,11,257,3,3,0,3,8
1226,54,72,43,143,172,100,287,244,4,3,1,3,7
2007,54,85,36,130,0,54,117,189,1,2,2,2,7
1465,54,95,11,47,7,36,0,197,1,2,0,3,6
1959,54,114,34,46,8,42,114,129,3,2,0,4,4
2189,54,122,0,14,0,0,35,101,1,1,1,2,5
2762,54,174,0,113,45,4,113,223,1,2,0,4,6
2570,54,247,0,9,0,0,20,235,1,2,0,4,3
2307,54,310,13,141,19,3,58,428,1,3,1,4,5
1849,54,349,179,259,196,58,360,680,3,2,3,8,3
2106,54,582,11,519,14,85,145,1066,7,6,2,5,8
1872,54,604,59,138,68,6,165,710,6,5,2,5,5
2502,54,737,430,837,331,277,126,2485,0,4,6,7,1
3185,54,737,430,837,331,277,126,2485,0,4,6,7,1
2748,54,816,115,1003,365,115,115,2299,1,2,7,7,0
1917,54,847,50,744,400,179,77,2144,1,9,3,4,4
1607,54,927,52,768,247,83,254,1823,1,6,8,6,3
2648,54,927,52,768,247,83,254,1823,1,6,8,6,3
2149,54,1093,172,372,67,347,223,1828,1,4,4,8,2
1050,54,1128,265,1216,345,88,533,2509,1,4,9,7,1
2077,54,1293,18,487,47,36,74,1807,1,4,3,5,1
2424,54,1425,131,845,172,131,316,2389,1,4,4,8,2
3035,54,1425,131,845,172,131,316,2389,1,4,4,8,2
1779,54,1475,214,1405,374,214,35,3647,1,6,5,12,3
1191,54,1510,57,273,150,348,115,2224,0,7,9,10,4
1799,54,1619,35,124,0,18,144,1652,1,9,2,9,5
2377,54,1619,35,124,0,18,144,1652,1,9,2,9,5
2010,54,1986,197,397,296,27,81,2821,5,10,7,10,6
2658,53,31,0,16,0,0,5,42,1,0,0,3,3
2605,53,41,45,131,11,19,45,203,1,3,0,3,7
2996,53,46,33,95,13,23,49,161,1,2,0,3,6
1934,53,67,20,144,63,17,127,184,1,3,1,2,8
1346,53,86,14,45,50,36,27,203,3,2,1,4,4
1287,53,138,0,46,8,8,38,161,4,3,1,3,5
2997,53,326,83,209,160,22,15,784,6,4,2,5,6
2190,53,327,11,94,11,8,49,402,2,3,0,4,7
2211,53,358,16,192,23,3,23,569,5,5,0,4,8
1013,53,626,5,142,8,13,38,757,3,6,1,5,6
2379,53,757,19,145,63,0,330,653,3,5,2,4,8
2557,53,839,73,1457,30,98,23,2474,1,4,7,5,1
2146,53,1144,91,215,18,75,29,1515,4,4,2,12,4
1038,53,1330,24,627,487,149,128,2489,2,7,10,5,6
1875,53,1330,24,627,487,149,128,2489,2,7,10,5,6
2544,53,1353,0,303,0,17,101,1572,5,11,1,6,9
1908,53,2046,261,1654,341,129,390,4041,1,4,4,10,2
1621,53,2494,178,721,140,106,178,3460,5,8,4,9,7
2898,53,2730,76,643,295,151,76,3820,1,7,5,13,3
1874,52,0,0,5,38,14,9,47,1,1,0,2,7
1179,52,5,20,50,146,0,181,40,1,1,1,2,6
2871,52,5,20,50,146,0,181,40,1,1,1,2,6
1238,52,13,13,30,0,9,48,17,2,1,0,3,6
1412,52,21,21,117,106,64,127,202,2,1,0,4,5
3176,52,23,23,23,116,31,116,100,1,1,0,3,6
1356,52,31,4,26,13,4,48,31,1,1,1,2,4
1990,52,37,0,11,0,0,15,33,1,1,0,2,6
2733,52,111,0,21,7,4,18,125,2,1,0,4,4
3163,52,148,0,160,49,25,49,333,4,3,0,3,8
2562,52,156,42,181,87,76,45,497,4,3,1,4,7
1442,52,427,45,179,72,69,15,777,2,2,1,8,2
2138,52,713,290,660,655,475,25,2769,1,7,3,4,4
1750,52,786,18,193,26,0,151,872,4,6,1,7,6
2346,52,794,22,338,63,0,81,1135,3,6,3,5,6
1343,52,845,47,217,47,60,119,1097,2,4,6,4,5
2610,52,845,47,217,47,60,119,1097,2,4,6,4,5
2852,52,965,270,1055,429,391,481,2630,1,3,7,9,1
1516,52,1243,11,65,0,0,25,1295,7,8,2,6,7
1605,52,1489,83,403,138,41,83,2071,1,4,3,6,1
2048,52,3108,84,637,164,297,381,3909,8,8,9,8,6
2109,51,7,21,28,14,21,77,14,1,0,0,3,4
2842,51,12,8,39,12,0,8,62,1,1,0,3,6
3088,51,24,10,39,10,10,44,49,1,0,1,2,7
1381,51,38,15,120,23,15,143,68,2,1,1,2,8
2367,51,54,76,157,22,11,195,124,3,2,1,4,4
1319,51,61,11,50,17,0,44,94,2,2,0,3,8
2800,51,74,0,54,0,10,45,94,1,1,1,2,8
3045,51,74,0,54,0,10,45,94,1,1,1,2,8
2122,51,85,0,96,26,55,11,251,1,2,0,4,5
3030,51,147,32,142,63,89,205,268,1,3,0,3,8
1016,51,180,17,64,7,44,14,298,3,3,0,3,8
1119,51,199,0,45,0,0,11,233,2,2,0,4,6
2315,51,240,97,158,208,88,120,670,2,5,2,4,5
2004,51,243,0,12,0,0,28,227,1,1,1,3,5
2713,51,488,37,369,90,8,17,975,4,6,1,6,7
2618,51,638,133,594,36,89,208,1281,8,9,1,7,9
1993,51,664,86,285,0,52,116,971,7,6,1,4,9
1124,51,749,0,112,10,0,78,794,5,5,1,5,8
1896,51,1032,158,687,358,158,137,2255,1,3,4,6,1
2880,51,1032,158,687,358,158,137,2255,1,3,4,6,1
1921,51,1220,219,633,191,219,366,2115,8,6,3,5,6
2254,51,1275,14,176,19,0,192,1292,8,9,1,7,8
1922,51,1439,33,150,45,17,334,1350,2,7,4,7,5
1662,51,1468,57,304,25,57,380,1530,2,8,9,4,6
2235,51,1468,57,304,25,57,380,1530,2,8,9,4,6
2232,51,1527,70,643,30,119,74,2314,4,6,5,13,4
3144,51,1652,152,1536,499,152,230,3760,1,4,2,10,2
1806,51,1712,278,1084,89,348,77,3433,1,10,2,11,8
2202,50,10,29,19,14,5,43,34,1,1,0,2,8
3214,50,13,3,16,8,-10,8,41,1,0,0,3,4
3199,50,24,5,28,14,19,14,76,1,0,0,3,4
1606,50,37,22,41,0,15,7,107,1,1,0,3,7
1936,50,138,14,159,21,7,28,311,5,3,0,4,8
2534,50,140,23,103,37,42,131,215,4,2,1,4,6
2494,50,146,4,146,15,11,66,255,1,3,0,3,8
2175,50,188,7,168,13,7,76,306,3,2,1,4,6
2523,50,216,17,211,51,4,207,292,1,4,0,3,8
1195,50,247,55,345,143,40,64,766,6,4,2,5,6
1522,50,272,11,88,102,148,16,604,2,2,1,7,2
1539,50,297,56,320,50,20,50,693,6,4,1,5,8
3021,50,372,0,61,0,3,20,415,1,3,1,4,4
1879,50,717,203,495,55,0,11,1460,3,4,2,8,6
2909,50,788,250,429,301,88,232,1625,2,6,6,9,3
1816,50,807,295,658,110,295,339,1827,5,6,5,12,3
1985,50,827,7,115,0,7,145,812,5,5,2,4,8
2460,50,879,226,602,458,451,79,2536,2,7,3,6,4
2290,50,936,81,477,0,146,15,1624,2,5,4,10,4
2528,50,1085,472,944,33,249,54,2728,1,6,4,6,5
1188,50,1096,10,83,15,10,95,1118,3,8,1,7,5
1395,50,1163,151,631,166,429,74,2465,4,4,3,6,4
3086,50,1824,173,423,32,24,49,2428,2,6,8,11,2
3060,49,0,5,22,82,5,27,87,1,1,0,2,7
2721,49,5,23,14,32,18,36,54,1,1,0,2,7
2459,49,12,25,56,62,31,100,87,2,1,0,3,7
1147,49,21,3,19,5,0,0,48,1,0,0,3,4
1137,49,22,4,36,0,4,14,50,1,1,0,2,8
1223,49,28,50,110,33,44,116,149,2,2,0,4,6
1773,49,28,56,76,83,14,90,167,1,2,0,3,7
2677,49,39,52,122,103,26,26,316,3,3,0,4,7
2263,49,48,15,73,0,0,4,132,2,1,0,3,9
3000,49,53,12,69,28,12,12,162,2,2,0,4,5
2433,49,72,38,77,53,24,106,159,4,2,0,4,6
1419,49,92,0,21,6,0,18,101,1,1,0,3,5
1488,49,92,0,21,6,0,18,101,1,1,0,3,5
1839,49,99,7,36,0,0,4,139,2,1,0,3,8
2785,49,99,7,36,0,0,4,139,2,1,0,3,8
3148,49,106,10,87,0,10,58,155,3,3,0,3,8
1975,49,168,0,41,0,15,51,173,2,1,1,4,3
2600,49,309,51,45,68,74,51,497,4,3,1,5,4
2381,49,326,11,78,15,4,107,326,4,3,0,4,9
2238,49,355,190,202,394,214,150,1204,2,4,2,11,2
2198,49,525,0,64,0,0,16,572,5,3,1,4,9
2645,49,735,7,167,11,7,36,891,2,4,2,5,7
2959,49,806,20,233,58,0,78,1040,8,6,3,5,7
1493,49,1006,363,171,158,68,155,1611,6,5,2,12,5
3027,49,1215,81,494,159,122,81,1991,2,6,3,4,2
2278,49,1488,19,311,101,57,213,1763,5,7,2,11,5
2655,49,1670,283,1207,184,247,213,3378,1,5,10,7,3
1692,49,1866,163,233,90,0,185,2166,4,7,5,10,5
1310,49,2066,0,717,117,117,329,2689,1,4,8,5,3
2914,48,10,10,20,64,64,20,148,1,1,0,4,4
2859,48,26,13,52,26,4,0,120,1,1,1,3,3
1949,48,54,0,8,0,0,27,35,1,1,0,2,8
2402,48,54,0,8,0,0,27,35,1,1,0,2,8
1561,48,77,34,145,85,17,60,299,4,3,0,3,8
2625,48,185,11,89,47,6,44,293,3,2,1,4,4
2934,48,185,11,89,47,6,44,293,3,2,1,4,4
2220,48,310,36,114,0,13,23,450,4,2,1,5,6
1081,48,490,0,60,0,0,19,531,5,3,1,4,7
3079,48,513,27,687,152,117,174,1323,6,8,2,7,7
1549,48,551,6,85,9,6,117,540,2,3,2,5,4
2283,48,596,16,212,10,16,160,691,5,5,2,4,9
1506,48,598,7,214,127,57,194,809,1,5,1,6,5
3102,48,606,169,1264,503,0,412,2130,3,3,5,6,2
3156,48,606,169,1264,503,0,412,2130,3,3,5,6,2
2145,48,731,0,21,0,0,7,744,2,4,1,5,7
1940,48,759,9,85,11,0,162,702,4,5,2,5,6
2482,48,842,14,300,58,300,253,1260,9,5,2,10,6
2469,48,938,95,486,41,63,46,1577,7,7,2,9,6
2899,48,1129,306,896,232,49,49,2563,3,11,5,11,5
2517,48,1179,168,631,84,63,126,1999,4,9,2,12,5
2703,48,1179,168,631,84,63,126,1999,4,9,2,12,5
2475,48,1865,30,947,81,219,219,2923,1,9,7,13,4
3053,48,1865,30,947,81,219,219,2923,1,9,7,13,4
1207,48,2009,78,395,102,78,105,2558,2,11,4,11,6
2627,48,2175,82,588,78,362,69,3216,1,3,6,12,6
1243,48,2367,54,304,34,26,54,2731,3,8,3,5,6
2725,48,2367,54,304,34,26,54,2731,3,8,3,5,6
1136,47,10,5,93,103,57,83,186,1,2,0,3,6
2099,47,11,125,60,43,33,249,22,1,2,1,2,8
2392,47,11,125,60,43,33,249,22,1,2,1,2,8
2215,47,66,0,33,0,4,40,62,1,1,0,3,6
2908,47,75,13,79,13,18,79,118,2,3,1,2,7
1532,47,86,18,129,12,6,171,80,4,3,1,2,8
1989,47,86,18,129,12,6,171,80,4,3,1,2,8
1948,47,171,8,108,0,36,48,275,3,3,0,4,7
1945,47,290,36,251,39,30,45,602,7,3,1,6,5
1578,47,347,80,448,53,91,0,1019,1,3,4,7,1
2737,47,477,8,228,190,177,156,925,2,3,3,8,2
3065,47,539,297,1000,562,432,243,2587,1,3,7,8,1
2216,47,771,0,713,153,374,38,1972,4,8,2,11,6
1253,47,1086,189,895,461,189,542,2277,1,3,7,8,1
1447,47,1086,189,895,461,189,542,2277,1,3,7,8,1
1454,47,1479,200,1009,221,504,234,3179,4,6,10,13,4
1133,47,1512,39,325,106,81,81,1983,3,8,5,9,6
2967,47,2667,50,1559,196,61,100,4434,0,9,7,11,3
1499,47,2875,45,1368,179,136,60,4542,1,5,7,9,2
1524,46,5,45,40,54,15,109,50,3,3,0,3,8
1267,46,20,97,46,142,127,86,346,3,3,0,4,7
1448,46,28,20,157,68,60,149,185,2,4,0,3,7
2692,46,28,17,50,33,11,33,105,2,2,0,3,7
2525,46,41,4,7,7,4,22,41,1,0,0,3,6
2990,46,41,4,7,7,4,22,41,1,0,0,3,6
1224,46,94,0,21,0,0,5,110,1,1,0,3,7
3082,46,116,13,57,23,20,213,17,1,2,2,2,5
1316,46,158,8,59,32,0,24,233,1,1,1,3,4
2639,46,158,8,59,32,0,24,233,1,1,1,3,4
2426,46,178,32,292,60,22,79,504,3,3,2,4,5
3028,46,189,0,59,0,0,15,234,2,3,0,3,8
1213,46,443,0,54,7,3,132,375,4,3,1,4,8
1882,46,487,0,31,0,3,57,464,2,4,1,4,6
1817,46,577,27,293,0,18,248,668,2,6,1,5,7
1986,46,592,162,479,256,211,139,1560,6,3,8,4,4
1950,46,609,118,766,281,236,157,1852,6,10,2,6,9
2972,46,626,61,368,113,86,86,1168,3,4,3,8,4
1869,46,679,41,461,242,71,171,1323,8,9,2,5,8
1157,46,691,404,761,431,190,309,2167,1,3,4,7,1
1679,46,867,35,565,197,264,92,1836,2,8,4,6,6
1102,46,975,264,670,53,80,181,1860,1,6,6,11,3
2764,46,975,264,670,53,80,181,1860,1,6,6,11,3
1248,46,1349,100,524,27,0,58,1941,3,10,2,10,5
1614,46,1524,114,523,91,45,136,2161,1,3,4,6,1
3216,46,1798,109,462,107,299,626,2148,2,,3,4,5
2066,46,1854,23,449,60,0,404,1982,4,11,6,5,8
3201,46,1867,113,479,111,311,650,2230,2,9,3,4,5
1130,46,1998,127,1913,108,127,42,4231,1,5,4,12,2
1716,46,2310,0,1474,103,119,0,4005,1,4,8,13,2
2710,46,2605,0,607,371,34,34,3583,4,7,10,5,5
1968,46,3234,51,1643,206,211,422,4923,1,9,7,9,5
1698,45,44,19,88,34,24,24,185,2,2,0,3,7
1174,45,50,5,89,50,20,35,178,1,1,1,2,9
2638,45,63,16,40,33,10,63,99,3,3,1,2,6
1339,45,79,7,50,0,4,36,104,2,2,0,3,7
2736,45,101,25,67,67,0,143,117,2,2,0,3,7
2393,45,201,83,115,47,88,121,413,1,2,2,5,2
2651,45,231,69,509,180,69,69,990,4,5,1,4,8
2961,45,501,11,91,0,6,116,492,6,4,1,5,7
2902,45,853,147,1819,97,111,65,2962,1,3,3,7,2
1285,45,971,37,646,147,133,93,1840,1,2,3,6,1
2442,45,1316,30,223,0,30,143,1456,4,8,1,8,8
1771,45,1350,435,1829,207,197,158,3861,1,3,6,4,2
2665,45,1500,15,249,21,0,304,1482,3,7,2,9,7
1357,45,2508,31,649,41,31,259,3001,4,4,3,12,8
2398,45,2508,31,649,41,31,259,3001,4,4,3,12,8
1918,45,3108,0,1109,57,176,87,4364,3,11,5,11,8
2749,44,70,0,10,0,0,0,80,1,1,0,3,6
2017,44,96,4,59,7,7,55,118,4,3,0,4,4
2890,44,437,0,330,0,0,377,391,7,4,4,8,8
1090,44,471,59,1016,171,0,507,1210,1,5,7,12,2
1168,44,471,59,1016,171,0,507,1210,1,5,7,12,2
1211,44,659,4,106,0,4,13,761,4,4,1,4,8
1694,44,811,14,545,57,57,133,1351,3,5,4,8,4
1292,44,1174,329,250,490,329,141,2430,1,6,7,9,2
1440,44,1283,51,2061,417,411,135,4087,1,7,7,9,4
1288,44,1385,38,416,51,0,76,1814,1,9,2,9,6
3023,44,1560,372,983,485,102,134,3367,2,2,5,5,6
2439,43,14,92,42,49,35,78,155,3,3,0,3,7
2568,43,17,58,41,17,124,224,33,1,2,0,2,9
1703,43,38,0,38,13,6,6,88,2,1,0,3,7
1802,43,39,55,72,17,61,61,183,2,2,0,3,7
1552,43,43,0,9,0,0,12,40,1,1,0,2,6
2266,43,63,8,71,8,4,20,134,1,1,0,3,7
1834,43,102,0,8,0,0,38,72,2,1,1,2,5
1650,43,115,0,27,0,0,9,133,1,1,0,3,8
1093,43,160,4,23,8,0,19,175,2,2,0,3,6
1284,43,218,13,54,0,13,37,262,1,3,0,3,8
2521,43,218,13,54,0,13,37,262,1,3,0,3,8
1290,43,281,53,327,70,46,183,594,3,5,1,4,8
2608,43,304,0,29,0,3,0,335,2,2,1,4,5
2385,43,371,7,59,7,4,115,334,4,3,2,2,9
1966,43,719,8,213,10,18,58,908,2,4,2,8,4
1790,43,1437,62,1118,293,383,224,3069,2,5,9,6,2
1826,43,1616,165,2073,216,123,290,3903,1,5,6,7,2
2287,43,2551,65,556,85,65,31,3290,1,5,5,12,2
1613,43,2891,262,487,95,73,73,3735,2,7,3,13,8
2643,43,2891,262,487,95,73,73,3735,2,7,3,13,8
2730,42,22,65,29,51,58,51,174,4,1,1,4,3
1762,42,23,19,19,30,0,19,71,2,1,0,3,4
1021,42,42,42,72219,42,42,42,72345,15,0,28,0,1
3049,42,64,0,18,0,0,37,46,1,1,1,2,6
1819,42,99,0,19,0,3,25,95,1,1,0,3,6
2995,42,99,18,76,54,45,58,234,3,2,0,4,6
1556,42,183,43,176,61,86,86,463,3,4,1,3,8
2183,42,412,9,85,12,15,41,492,2,3,2,4,4
2110,42,451,74,2096,0,85,287,2419,1,7,6,11,4
2834,42,496,220,579,17,68,277,1104,2,8,1,7,7
1415,42,789,0,789,64,13,642,1014,5,8,1,7,8
1911,42,1062,0,1150,223,47,27,2457,1,6,4,9,2
3179,42,1107,151,1834,198,58,113,3235,1,6,2,9,2
1410,42,1144,284,1644,372,214,69,3590,1,6,7,13,1
1813,42,1165,14,249,0,44,28,1445,3,7,3,7,5
3181,42,1331,114,1414,161,123,72,3072,1,4,6,8,2
1122,42,1405,13,124,0,13,108,1447,5,11,1,6,8
1631,42,1637,0,345,270,114,114,2252,3,7,6,12,4
2903,42,1657,122,890,239,214,275,2847,1,9,3,6,5
1299,42,1851,106,1352,186,106,34,3568,1,6,6,10,3
1596,41,13,50,6,25,44,94,44,1,1,0,3,8
2689,41,13,63,70,76,57,127,152,2,3,0,3,6
2549,41,33,19,108,33,0,51,140,1,1,0,3,7
1574,41,67,0,123,21,14,60,165,2,2,1,2,7
1020,41,318,7,270,255,141,178,814,1,4,2,5,8
3140,41,592,409,409,507,246,143,2020,2,6,4,11,4
1708,41,686,331,509,383,135,352,1692,1,3,8,11,1
1463,41,964,24,288,51,0,408,920,7,7,3,4,8
2425,41,974,66,388,142,20,95,1494,4,4,4,5,2
2247,41,1405,17,437,23,17,379,1520,10,9,4,6,8
1997,41,1530,275,612,318,366,183,2918,1,6,6,7,3
2031,41,1530,275,612,318,366,183,2918,1,6,6,7,3
2508,41,1647,151,327,0,64,20,2170,4,7,3,13,5
1308,41,1867,153,902,199,31,186,2966,5,10,3,5,7
2944,41,1978,56,815,37,56,28,2914,1,3,6,11,1
3073,40,16,56,89,129,97,217,169,1,2,0,4,6
1765,40,25,8,62,25,25,12,133,1,1,0,3,8
2609,40,27,5,43,0,0,5,70,1,1,0,2,8
3186,40,27,5,43,0,0,5,70,1,1,0,2,8
2910,40,31,15,58,12,19,12,123,2,1,0,3,7
3051,40,37,120,211,175,41,225,359,2,3,0,4,8
2907,40,46,17,109,17,17,46,161,3,3,0,3,6
2130,40,48,0,38,0,0,43,43,1,1,0,2,9
2667,40,59,0,33,0,0,46,46,1,1,0,2,8
2575,40,67,0,22,11,11,19,93,1,1,1,3,2
3069,40,84,0,23,6,0,17,95,1,1,0,3,4
2244,40,117,0,46,0,0,38,125,3,2,0,3,8
3039,40,135,51,51,57,20,24,290,1,2,1,3,4
3220,40,205,7,149,5,2,51,317,3,3,1,4,7
3205,40,243,9,176,6,3,61,376,3,3,1,4,7
2105,40,345,16,430,82,72,91,854,2,6,1,5,7
2384,40,815,36,286,30,36,47,1156,3,4,2,9,3
2383,40,819,87,553,324,87,107,1763,2,7,5,8,4
1459,40,1243,0,502,286,195,304,1921,4,8,3,11,5
1892,40,1331,28,1219,147,140,56,2809,1,3,10,5,2
2428,40,1654,240,1414,0,136,101,3344,1,3,11,8,1
1669,40,1736,91,1097,0,91,59,2956,1,3,5,12,1
1072,40,2393,243,1806,318,243,118,4886,0,5,8,9,4
1233,40,2738,36,611,234,0,180,3439,2,5,3,6,6
2387,40,2738,36,611,234,0,180,3439,2,5,3,6,6
1103,40,3287,42,768,57,126,212,4067,1,7,4,5,9
3210,39,-621,19,371,11,0,247,776,5,4,2,8,5
1763,39,12,18,35,23,6,53,41,1,1,1,2,7
3105,39,12,18,35,23,6,53,41,1,1,1,2,7
1582,39,19,34,72,63,43,72,159,3,2,1,3,6
3058,39,35,4,20,8,4,16,55,1,0,0,3,4
1932,39,122,0,50,0,0,52,120,3,2,1,3,5
2563,39,126,152,179,42,173,113,559,1,3,2,6,2
1780,39,148,6,99,74,12,31,309,3,4,0,3,8
1311,39,162,15,217,23,15,70,364,3,2,0,4,8
2295,39,173,0,79,0,0,14,238,3,3,0,3,9
1562,39,174,0,34,0,0,25,183,2,2,0,4,5
2963,39,200,79,284,16,42,153,468,3,3,0,4,8
2808,39,298,9,203,37,22,105,464,3,4,1,4,7
3195,39,624,19,373,11,0,248,779,5,4,2,8,5
2237,39,810,39,122,52,0,497,525,2,7,4,3,6
2813,39,810,39,122,52,0,497,525,2,7,4,3,6
2728,39,1117,0,138,18,0,100,1173,4,7,1,7,8
2380,39,1666,23,432,149,45,45,2269,6,8,4,8,8
1046,39,1965,119,754,119,90,90,2956,9,5,2,12,8
1014,38,20,95,115,41,7,34,244,1,1,0,3,8
2079,38,28,0,23,0,0,5,46,1,1,0,2,7
1002,38,35,3,19,6,3,19,47,2,1,1,2,5
1880,38,39,95,100,33,56,145,178,4,4,0,3,8
1364,38,44,0,20,0,0,4,60,1,1,0,2,8
2587,38,45,54,136,100,63,118,281,1,2,0,3,9
1634,38,71,0,75,27,13,27,160,2,1,0,3,9
1261,38,132,24,160,12,28,40,316,3,2,0,4,7
2657,38,147,0,54,0,0,22,179,4,2,0,4,5
1981,38,360,43,657,57,0,87,1031,1,6,4,9,7
2709,38,475,226,226,49,275,61,1189,1,5,2,10,4
2964,38,620,52,354,11,30,139,928,2,3,3,8,2
1655,38,631,135,245,158,232,135,1266,2,6,4,8,4
2430,38,677,53,730,349,53,284,1578,2,7,3,5,8
1182,38,694,18,133,24,27,35,860,4,5,1,6,6
2863,38,819,69,408,208,318,69,1753,4,9,5,7,5
1320,38,827,120,644,394,120,362,1742,1,4,5,12,3
1526,38,842,10,140,13,10,341,675,2,4,5,3,6
2973,38,971,12,573,0,28,93,1491,4,7,1,6,8
1336,38,1100,49,1251,32,73,0,2504,3,4,6,5,3
1833,38,1231,120,1871,447,295,140,3824,1,7,7,10,3
3161,38,1231,120,1871,447,295,140,3824,1,7,7,10,3
2935,38,1243,129,238,197,435,216,2025,3,8,5,10,5
1345,38,1335,0,216,0,0,107,1445,3,6,2,10,4
1212,38,2301,59,531,38,28,236,2722,5,9,6,12,6
1221,37,0,31,38,46,0,31,84,1,1,0,3,3
1719,37,0,0,7,47,27,40,40,1,1,0,2,7
1111,37,6,33,39,61,28,17,150,2,2,0,3,6
1727,37,14,34,83,28,55,48,165,3,2,0,4,5
1888,37,16,3,16,32,0,22,45,1,1,0,2,7
1128,37,57,0,30,15,8,76,34,2,1,1,2,5
2044,37,57,0,30,15,8,76,34,2,1,1,2,5
2241,37,57,0,30,15,8,76,34,2,1,1,2,5
2561,37,57,0,30,15,8,76,34,2,1,1,2,5
1313,37,94,0,14,0,0,0,108,1,1,0,3,4
1089,37,149,6,21,0,3,6,173,2,2,0,3,7
1952,37,204,0,38,14,7,17,245,4,3,0,4,7
1525,37,207,33,273,23,63,63,537,2,4,1,4,7
2962,37,245,6,298,189,77,345,469,1,3,5,3,4
2301,37,534,19,305,75,38,276,694,3,6,1,5,6
1774,37,540,6,189,21,6,35,726,4,3,3,5,4
2819,37,603,18,300,10,38,28,940,5,6,2,6,7
1118,37,1015,300,2146,390,0,487,3364,1,3,6,6,1
2930,37,1392,23,794,193,124,74,2453,1,1,8,7,0
1035,37,1744,42,375,0,20,87,2095,5,5,6,12,2
2289,37,2059,136,411,144,27,411,2366,7,11,2,12,6
1231,37,2081,0,351,0,74,401,2105,7,11,5,8,7
1625,37,2754,231,264,41,31,65,3257,4,9,4,6,6
2976,36,18,9,23,9,0,0,59,1,1,0,2,6
3157,36,20,45,60,55,10,40,149,2,1,1,3,3
2208,36,60,38,65,11,11,147,38,2,2,1,2,5
2883,36,80,4,34,27,11,19,137,1,1,0,3,6
2705,36,150,0,44,0,0,19,175,2,2,0,3,6
2472,36,153,0,48,12,4,4,214,1,2,0,3,7
2319,36,489,46,275,70,46,127,799,3,7,1,3,9
2224,36,614,128,679,254,0,113,1562,1,1,3,5,1
2260,36,804,19,225,13,0,86,975,5,5,1,7,5
1640,36,971,265,995,0,194,168,2257,1,9,3,13,4
2606,36,971,265,995,0,194,168,2257,1,9,3,13,4
2302,36,1126,110,530,257,241,307,1955,2,5,7,12,1
3158,36,1420,99,1386,307,235,32,3415,1,7,5,12,2
2343,36,1423,61,694,163,315,82,2574,1,8,7,11,6
1135,36,1598,43,377,86,110,131,2081,3,3,3,6,8
1629,36,1966,353,203,394,41,403,2552,0,9,8,13,3
2419,36,2211,43,1354,410,59,314,3763,3,3,7,10,3
2592,35,27,0,23,9,5,9,54,1,1,0,2,7
2364,35,61,3,55,6,0,6,119,1,1,0,3,8
1242,35,102,0,34,0,0,4,131,2,1,0,3,6
1508,35,157,5,315,79,59,418,197,3,2,2,3,6
1854,35,161,44,191,81,50,84,443,4,3,1,4,7
1096,35,466,163,1481,107,56,82,2192,1,3,11,5,1
1842,35,541,6,289,0,0,110,726,6,6,1,4,8
2335,35,563,392,524,417,73,129,1839,2,8,2,11,5
3026,35,1025,11,142,17,11,265,941,6,7,2,6,7
2708,35,1067,325,1127,230,237,237,2749,1,3,5,12,1
1469,35,1096,168,259,383,84,41,1949,1,5,10,13,3
1947,35,1439,44,1920,64,50,174,3342,1,6,7,9,2
2957,35,1808,294,1639,218,294,294,3959,0,5,7,9,1
2171,35,1854,150,1248,491,150,225,3668,1,5,6,4,3
2602,35,1858,222,478,375,350,128,3154,6,3,2,10,9
2662,35,1913,19,169,28,0,127,2002,4,10,4,7,8
2480,35,3559,78,362,51,39,118,3972,2,5,10,5,8
1649,34,6,57,63,109,17,86,167,2,2,0,3,6
1729,34,16,12,28,0,12,44,24,1,1,0,2,7
1800,34,39,34,44,63,29,59,151,2,2,0,3,8
2394,34,76,15,38,23,15,64,102,2,2,0,3,6
1029,34,81,40,101,20,20,40,222,2,3,0,3,5
2119,34,81,40,101,20,20,40,222,2,3,0,3,5
1687,34,87,0,30,23,8,68,80,1,1,1,3,2
3109,34,87,8,42,11,4,15,137,2,2,0,3,6
2148,34,107,34,142,46,27,50,306,3,2,0,4,8
1868,34,162,0,7,0,0,17,152,2,2,0,3,7
2339,34,316,4,124,16,16,48,428,3,2,1,4,6
2797,34,316,4,124,16,16,48,428,3,2,1,4,6
1007,34,657,182,459,140,137,76,1499,4,7,3,7,6
1980,34,773,25,101,22,6,158,770,4,3,1,8,4
1176,34,937,0,282,50,24,308,984,2,7,1,8,5
3095,34,937,0,282,50,24,308,984,2,7,1,8,5
1973,34,1328,17,460,24,17,91,1754,5,10,1,6,9
1855,34,1478,153,442,113,42,373,1854,1,5,7,10,3
1071,34,1679,259,2154,226,42,42,4318,1,7,6,5,5
2738,34,1687,48,408,155,143,119,2322,1,9,7,9,5
2042,34,1883,48,459,30,0,507,1913,2,7,6,11,5
1286,34,2184,0,218,0,0,95,2307,5,8,3,12,5
2473,34,2575,29,290,37,29,98,2862,6,4,2,9,9
3206,33,0,0,0,0,0,0,0,3,2,0,4,4
1368,33,45,0,4,0,0,23,26,1,0,1,2,3
1304,33,47,0,30,13,4,25,68,2,1,0,3,5
1332,33,64,0,52,30,13,30,129,3,2,0,3,7
2729,33,64,0,52,30,13,30,129,3,2,0,3,7
1533,33,80,0,14,0,0,5,89,2,1,0,3,6
3115,33,82,14,75,0,7,31,147,4,3,1,3,5
3191,33,84,48,48,0,12,12,179,3,2,0,4,4
1678,33,95,5,134,14,14,10,253,3,2,0,3,8
2527,33,398,60,587,81,163,186,1103,1,4,4,7,1
1742,33,555,36,505,48,97,36,1204,2,8,1,8,6
2711,33,555,36,505,48,97,36,1204,2,8,1,8,6
1776,33,704,10,193,39,29,39,935,1,4,1,7,7
1654,33,927,397,485,145,265,352,1866,4,4,3,6,3
2161,33,1149,43,256,18,28,59,1435,3,8,2,6,7
1402,33,1725,239,227,376,287,239,2614,1,7,9,9,3
2565,33,1749,371,1450,146,74,111,3679,1,7,5,12,3
2506,33,3224,118,603,52,39,129,3907,4,6,3,13,9
2458,32,12,18,74,18,31,43,111,1,1,0,3,8
1972,32,15,30,35,0,0,15,65,1,0,0,3,7
1369,32,43,75,75,65,43,140,161,3,1,2,2,5
2104,32,70,52,70,132,61,28,358,1,2,1,4,3
1664,32,117,38,471,615,210,155,1296,1,8,1,5,8
2938,32,172,14,152,34,34,148,258,3,3,1,3,9
2951,32,256,614,557,622,77,215,1910,2,4,4,8,5
1008,32,303,40,223,12,4,92,491,2,4,0,4,8
1091,32,404,138,275,195,183,33,1162,2,5,2,7,5
2327,32,404,138,275,195,183,33,1162,2,5,2,7,5
2038,32,693,0,35,0,0,72,656,1,5,1,5,7
3146,32,734,29,127,87,29,656,350,2,7,3,3,7
3052,32,860,18,68,38,18,270,731,4,6,2,5,8
1225,32,935,11,279,34,79,25,1314,1,5,2,11,3
2716,32,1012,0,317,37,85,243,1208,5,6,3,5,8
2885,32,1026,381,732,383,48,58,2511,0,3,5,13,0
3008,32,1071,167,1015,332,282,647,2220,4,11,6,8,7
2697,32,1484,272,1798,253,156,234,3729,1,5,6,7,2
1279,32,1719,285,1268,478,46,449,3347,1,2,7,9,4
2056,32,2238,379,1183,164,294,252,4008,1,4,7,9,1
2886,32,2377,99,435,392,132,266,3170,2,7,8,5,5
1126,31,0,11,34,115,69,103,126,2,1,0,3,8
1601,31,14,17,28,17,14,28,63,1,1,0,3,4
2556,31,31,4,19,0,0,4,51,1,1,0,2,6
1250,31,33,0,22,15,4,18,55,1,1,0,2,9
1347,31,33,0,22,15,4,18,55,1,1,0,2,9
1232,31,46,0,21,0,0,4,62,2,1,0,3,6
1054,31,60,0,37,9,5,23,87,1,1,0,4,3
2993,31,93,0,11,0,0,11,93,2,1,0,3,6
2127,31,155,24,199,7,13,91,307,2,3,1,3,6
3061,31,291,58,298,58,36,101,639,1,4,1,7,2
1031,31,381,0,17,7,0,10,395,2,2,1,4,5
3178,31,1025,98,445,109,0,92,1585,6,8,1,7,8
1930,31,1758,69,351,121,45,116,2228,2,3,2,9,8
1257,31,1901,108,1219,232,178,357,3282,2,3,4,5,7
2685,31,2329,134,1835,176,44,222,4296,1,4,7,10,1
3080,31,2347,55,429,35,26,400,2493,1,7,3,13,6
2989,31,2452,276,1028,104,118,101,3877,1,2,9,13,5
1087,30,22,13,48,52,22,39,117,1,2,0,3,6
1405,30,22,13,48,52,22,39,117,1,2,0,3,6
2369,30,27,14,41,51,14,99,48,2,1,1,2,4
2804,30,87,76,195,200,119,260,417,3,4,1,2,9
1858,30,102,42,207,67,4,126,294,2,3,0,4,8
2415,30,102,42,207,67,4,126,294,2,3,0,4,8
2536,30,102,42,207,67,4,126,294,2,3,0,4,8
1252,30,138,14,80,14,7,72,181,4,3,1,3,7
2540,30,150,0,130,10,0,10,280,2,3,0,3,8
2805,30,164,18,106,71,40,40,358,2,4,0,3,9
2204,30,178,3,24,7,3,87,129,2,2,1,2,8
1303,30,228,160,320,163,8,125,754,2,4,3,6,3
3116,30,363,28,293,39,36,13,747,4,4,1,7,5
2744,30,380,3,80,6,0,223,247,2,3,2,3,7
2342,30,462,43,566,43,32,144,1001,8,6,1,7,8
1265,30,477,0,1245,80,316,131,1986,1,3,5,8,1
1899,30,522,97,187,100,107,157,857,2,3,2,7,3
3104,30,533,0,173,21,38,128,637,5,3,4,3,6
3121,30,533,0,173,21,38,128,637,5,3,4,3,6
1728,30,681,41,895,332,255,106,2097,1,3,8,12,1
1467,30,708,7,146,0,7,17,851,4,4,2,5,5
1053,30,715,85,1168,293,291,97,2454,1,5,5,10,3
1770,30,791,93,245,45,10,117,1067,4,7,1,5,9
1218,30,854,26,507,15,55,144,1313,9,5,1,8,7
2778,30,854,26,507,15,55,144,1313,9,5,1,8,7
2252,30,1074,38,476,386,97,38,2033,3,5,3,13,3
1541,30,1254,290,1713,65,417,250,3490,1,5,6,7,2
1820,30,1325,14,227,19,47,473,1159,2,7,6,5,5
2844,30,2077,314,1670,352,179,405,4188,1,5,10,6,2
2686,30,2153,101,907,0,202,133,3229,1,8,7,7,4
1683,30,2189,29,669,0,29,583,2333,3,5,2,11,8
1991,30,2816,0,907,531,407,362,4299,1,10,2,8,5
1645,29,10,10,53,199,34,53,252,1,2,0,3,8
1674,29,17,0,61,26,61,86,78,1,1,0,3,6
2113,29,27,13,67,20,10,53,84,1,1,0,3,5
2978,29,40,12,12,0,0,0,64,1,0,0,3,3
2977,29,86,91,102,107,112,118,380,3,3,2,2,8
3002,29,101,16,32,21,11,64,117,1,1,0,3,4
2821,29,129,0,26,26,26,26,181,15,0,0,0,19
1264,29,155,295,904,429,50,34,1800,1,3,3,5,1
1387,29,278,154,317,163,86,471,526,1,5,1,4,7
1718,29,334,94,152,133,44,51,706,1,4,1,7,2
2870,29,370,64,130,76,30,46,625,2,3,1,6,6
1047,29,619,48,316,94,169,35,1210,1,4,2,10,2
1954,29,619,94,202,170,154,83,1155,3,7,1,7,5
1067,29,655,272,738,213,94,218,1754,4,10,3,13,7
1846,29,663,30,325,27,8,41,1012,3,4,2,8,4
2316,29,856,258,988,337,232,77,2595,1,2,8,6,1
2742,29,856,258,988,337,232,77,2595,1,2,8,6,1
1060,29,961,97,886,287,295,72,2454,1,7,4,4,4
2904,29,984,16,407,65,236,236,1471,5,9,3,7,7
1680,29,987,50,882,237,50,77,2129,1,10,7,10,4
2441,29,1166,69,287,163,124,592,1218,4,2,11,5,2
2942,29,1448,99,548,294,174,48,2515,2,6,8,12,3
1895,29,1576,59,1822,512,55,49,3975,1,7,3,7,3
3033,29,1942,46,383,0,21,526,1866,2,9,2,12,7
1913,29,2080,0,183,30,0,160,2133,2,11,2,10,7
2445,29,2101,209,874,226,139,104,3444,4,9,4,8,5
1489,29,2334,29,684,80,29,309,2847,2,10,4,12,6
2160,29,2431,252,1925,198,303,202,4907,1,3,4,10,1
2548,29,2431,252,1925,198,303,202,4907,1,3,4,10,1
2085,28,48,0,69,30,26,91,82,1,2,0,3,8
2946,28,82,0,32,0,0,43,71,1,1,0,3,4
2654,28,88,8,124,28,16,20,245,1,2,0,3,7
3025,28,89,8,49,0,8,20,133,1,1,0,3,4
3177,28,106,0,16,0,0,48,74,2,1,1,2,4
1418,28,108,0,95,9,13,22,204,2,1,0,4,5
1298,28,136,0,43,11,0,11,179,2,2,0,3,7
1597,28,136,0,43,11,0,11,179,2,2,0,3,7
2276,28,165,3,152,51,29,128,272,2,2,1,5,2
1788,28,452,79,382,90,8,126,885,4,3,4,6,3
2427,28,520,346,1314,225,124,71,2458,1,3,4,9,1
2303,28,631,29,390,26,7,642,441,4,7,2,3,9
1142,28,736,63,180,25,63,287,780,4,7,1,5,7
1632,28,786,10,155,102,77,364,766,2,7,1,7,5
1736,28,921,90,806,239,298,228,2125,1,7,3,13,4
2583,28,1009,94,679,100,94,118,1859,5,10,5,4,9
1768,28,1085,161,623,131,60,663,1397,6,6,8,4,7
1393,28,1104,27,274,18,27,12,1438,3,7,1,8,7
1760,28,1244,0,1244,541,286,319,2997,2,6,9,5,2
2829,28,1573,110,928,144,84,84,2754,1,8,4,7,4
1411,28,1861,0,691,0,79,133,2498,2,2,5,10,6
2698,28,1904,69,1234,137,210,175,3379,0,6,5,13,2
1610,28,2411,41,1378,224,301,41,4315,7,11,11,5,7
2326,27,28,33,19,14,19,28,85,1,1,0,3,6
1616,27,41,98,62,53,4,123,135,1,2,1,3,7
1542,27,53,30,98,113,60,128,226,2,2,0,4,5
2088,27,53,30,98,113,60,128,226,2,2,0,4,5
2000,27,107,250,143,89,119,107,601,1,2,1,4,7
2893,27,107,250,143,89,119,107,601,1,2,1,4,7
1584,27,156,0,9,0,0,17,147,1,1,0,3,7
1107,27,190,3,62,0,3,80,178,2,2,1,3,6
2939,27,311,3,46,6,0,73,292,1,3,0,4,7
1155,27,325,42,255,348,55,70,954,1,6,7,4,3
1557,27,510,13,112,0,26,51,610,1,5,1,5,5
3010,27,550,45,201,95,45,100,835,2,3,3,7,2
2620,27,789,49,311,598,32,130,1649,1,7,5,8,4
2774,27,789,49,311,598,32,130,1649,1,7,5,8,4
1951,27,949,300,875,98,300,98,2424,1,3,4,10,1
2486,27,949,300,875,98,300,98,2424,1,3,4,10,1
1417,27,1020,154,932,28,89,266,1956,1,8,3,13,4
2843,27,1214,0,222,34,13,85,1398,4,9,0,4,10
1104,27,1447,0,58,0,0,165,1340,3,8,1,8,6
1827,27,1587,239,1047,0,118,538,2452,2,3,6,8,3
2945,27,1882,0,556,103,131,73,2600,2,6,3,5,4
1352,27,1990,79,1311,361,318,556,3501,1,4,3,8,3
2057,27,2149,94,230,125,94,94,2598,1,6,7,11,2
1215,27,2314,59,600,0,0,271,2702,3,2,2,11,8
1684,27,2496,67,742,44,34,34,3350,1,3,4,7,1
1559,27,2744,31,376,0,0,63,3089,3,6,4,8,5
1851,27,3173,0,961,56,0,0,4190,1,5,7,4,3
1657,26,5,5,24,0,14,5,43,1,1,0,2,8
1691,26,5,15,20,10,10,30,30,1,1,0,2,8
2652,26,7,7,29,80,66,73,117,1,1,0,3,8
3108,26,12,0,56,19,37,12,111,1,1,0,3,8
1004,26,52,19,95,48,14,24,204,2,2,0,4,6
1027,26,130,7,151,72,76,36,400,2,2,1,4,3
1722,26,151,8,97,15,12,93,189,2,3,0,3,8
2196,26,162,30,152,10,51,67,337,4,2,1,4,6
2453,26,195,0,35,0,3,0,232,1,2,1,3,3
1554,26,316,0,342,158,32,342,506,5,5,1,5,6
2726,26,316,0,342,158,32,342,506,5,5,1,5,6
3091,26,326,7,36,13,0,53,329,3,3,0,4,8
1682,26,509,295,425,36,154,55,1363,2,8,2,8,4
1466,26,566,62,144,103,45,295,624,2,6,2,2,9
2356,26,964,0,97,11,8,19,1061,6,4,2,8,5
1003,26,1021,117,304,266,50,101,1658,1,8,2,10,4
1720,26,1318,345,1287,202,62,251,2963,2,7,5,6,4
1058,26,1369,18,351,97,37,442,1429,4,8,2,10,7
2545,26,1707,21,419,28,44,154,2065,11,6,3,5,4
2577,26,2283,228,1368,533,318,228,4503,1,4,7,12,2
1407,26,2379,150,228,64,201,150,2872,1,3,4,8,1
2201,25,12,548,37,49,73,512,207,3,3,1,3,8
1984,25,22,65,60,16,71,82,153,2,2,0,3,8
2913,25,31,8,16,0,0,4,51,1,0,0,3,5
1648,25,45,0,10,0,0,10,45,1,1,0,2,7
3118,25,106,3,48,0,3,3,157,2,2,0,3,7
1901,25,121,0,6,0,0,19,108,1,1,0,3,7
2438,25,121,0,6,0,0,19,108,1,1,0,3,7
2796,25,181,0,29,0,0,10,201,2,2,0,3,7
3164,25,185,23,159,33,7,60,347,1,3,0,4,7
1939,25,186,5,40,5,5,16,226,2,2,0,4,5
1446,25,334,0,18,6,3,42,319,2,3,1,3,6
3066,25,506,11,74,23,11,125,500,5,4,1,5,6
1836,25,703,528,804,621,24,451,2229,7,10,2,12,7
2456,25,703,528,804,621,24,451,2229,7,10,2,12,7
1983,25,968,44,400,78,14,505,999,5,8,5,4,8
2389,25,1136,208,1165,542,90,58,3083,1,5,10,5,1
1108,25,1150,208,1707,317,172,69,3485,0,4,6,5,1
3142,25,1586,0,177,0,18,71,1710,2,9,3,8,6
1575,25,1703,382,1662,221,340,42,4266,0,5,11,5,2
1977,25,1849,0,1267,221,135,0,3472,1,8,4,10,6
3014,25,2229,405,849,528,160,205,3966,1,10,3,10,6
2168,25,2349,0,264,0,0,52,2561,1,6,6,13,4
1738,25,2425,27,274,35,0,412,2349,5,3,4,8,8
2681,25,2602,32,525,43,65,32,3235,4,7,8,13,6
3207,24,0,0,0,0,0,0,0,3,7,6,6,4
1400,24,12,30,54,169,36,169,133,3,2,1,3,5
1711,24,30,0,11,0,0,0,42,1,0,0,3,5
2157,24,32,0,32,0,0,8,56,1,1,0,2,8
1246,24,38,0,14,0,0,7,45,1,1,0,2,8
1183,24,42,0,42,13,4,29,71,2,1,1,2,8
2590,24,42,0,42,13,4,29,71,2,1,1,2,8
1044,24,43,258,201,215,315,717,315,3,3,1,3,9
2861,24,72,3,29,0,0,46,59,1,1,1,2,4
3180,24,83,7,62,7,4,0,163,2,2,0,3,7
1472,24,89,0,41,16,8,8,146,1,1,0,3,7
2361,24,104,17,98,17,0,23,214,1,2,0,3,9
3089,24,136,18,205,44,29,18,414,2,3,0,4,7
2098,24,331,147,203,240,105,575,451,1,3,5,3,6
2314,24,348,0,1025,0,269,160,1482,1,6,5,8,9
1685,24,383,65,72,55,48,17,605,3,4,1,4,7
2348,24,383,65,72,55,48,17,605,3,4,1,4,7
2922,24,476,83,767,243,186,33,1723,1,4,7,10,1
3077,24,532,6,120,9,6,145,529,3,5,1,4,7
1502,24,545,55,934,101,50,180,1506,1,4,5,7,2
2073,24,545,55,934,101,50,180,1506,1,4,5,7,2
1206,24,591,13,107,0,0,214,496,2,4,1,5,7
2437,24,790,161,482,210,14,79,1578,7,4,6,8,3
2633,24,848,48,478,251,48,400,1272,6,7,4,6,6
3192,24,1586,16,159,22,0,74,1709,3,7,6,6,4
1435,24,1811,105,444,171,130,102,2559,3,8,9,7,7
3054,24,1811,105,444,171,130,102,2559,3,8,9,7,7
1893,24,2776,0,207,0,0,507,2476,6,10,5,10,8
2889,24,2776,0,207,0,0,507,2476,6,10,5,10,8
3151,23,10,38,48,57,67,110,110,3,2,1,3,5
2401,23,14,82,118,50,36,55,246,3,2,0,4,7
1360,23,16,49,81,71,11,212,16,1,1,1,2,9
1810,23,21,0,35,92,0,7,141,1,1,0,3,6
1592,23,34,17,21,64,8,47,98,2,1,0,3,7
2318,23,45,21,24,0,10,10,91,1,1,0,3,6
2741,23,59,4,7,0,0,4,67,1,1,0,3,5
3114,23,109,0,35,0,4,17,131,1,2,0,2,9
2333,23,210,29,183,81,37,15,526,1,4,1,5,4
2594,23,210,29,183,81,37,15,526,1,4,1,5,4
1890,23,324,29,156,76,10,38,556,1,2,1,6,4
2043,23,419,281,903,287,199,118,1971,2,5,2,11,5
3046,23,419,281,903,287,199,118,1971,2,5,2,11,5
2613,23,528,187,908,270,56,226,1723,1,3,6,12,1
3012,23,635,238,572,167,16,64,1565,4,4,4,10,3
1603,23,998,0,77,28,0,43,1061,3,6,1,7,6
1305,23,1048,13,303,97,74,196,1338,3,3,3,12,2
2868,23,1680,18,147,0,0,73,1772,8,10,4,6,8
2052,23,1777,275,674,198,183,459,2648,6,5,6,8,3
2998,23,1885,131,556,103,0,25,2650,2,8,3,6,4
1633,23,2012,38,1431,252,231,76,3888,0,4,6,9,1
2094,23,2012,38,1431,252,231,76,3888,0,4,6,9,1
1015,23,2221,49,254,130,150,99,2704,1,7,6,12,3
2546,23,2221,49,254,130,150,99,2704,1,7,6,12,3
2288,23,2722,0,175,0,0,117,2780,1,10,4,13,6
2856,22,64,0,26,0,4,51,43,2,1,1,2,7
1480,22,81,3,25,6,0,6,109,1,2,0,3,3
1754,22,155,4,87,12,16,48,227,3,2,0,4,7
2075,22,288,0,25,5,3,11,310,3,2,1,4,3
1314,22,295,30,256,43,22,48,598,4,3,1,4,8
2169,22,451,4,117,54,4,17,614,2,3,1,4,8
2566,22,451,4,117,54,4,17,614,2,3,1,4,8
2358,22,768,0,49,0,0,66,751,3,5,1,6,7
2045,22,1003,48,174,30,0,23,1233,1,4,4,8,2
2585,22,1003,48,174,30,0,23,1233,1,4,4,8,2
1769,22,1074,30,410,82,13,456,1153,6,7,1,8,7
2251,22,2118,106,290,139,25,106,2573,2,7,3,4,4
1715,22,2381,59,446,78,59,89,2935,3,4,3,4,5
2332,21,6,13,45,26,19,71,39,1,0,1,2,8
2239,21,53,0,7,0,0,21,39,1,1,0,2,6
2370,21,61,0,26,0,0,0,87,2,2,0,3,5
2275,21,158,0,27,0,0,3,183,2,1,0,4,4
2766,21,158,0,27,0,0,3,183,2,1,0,4,4
2253,21,447,61,186,11,68,107,665,4,5,1,4,8
2497,21,612,238,2010,532,170,476,3086,1,4,5,12,3
2591,21,667,322,603,474,193,213,2047,3,5,3,13,4
3103,21,814,30,165,11,19,30,1009,1,8,2,4,7
2011,21,890,229,1716,258,262,66,3290,1,8,8,5,3
3154,21,1200,116,386,301,0,95,1907,1,8,3,11,3
1438,21,1275,48,916,63,118,23,2397,3,9,5,10,7
1201,21,1301,0,187,60,29,140,1437,10,7,1,8,7
2612,21,1329,15,213,63,48,246,1422,2,8,2,7,7
3141,21,1367,45,683,119,91,593,1713,3,6,3,5,3
1171,21,1548,65,487,85,42,352,1875,1,6,4,13,2
2722,21,1548,65,487,85,42,352,1875,1,6,4,13,2
2485,21,1769,46,471,0,68,234,2120,5,5,5,12,5
2780,21,1769,46,471,0,68,234,2120,5,5,5,12,5
1125,21,2060,36,1527,98,114,0,3835,1,4,5,13,3
1283,20,23,15,27,15,11,31,61,1,1,0,3,7
2444,20,31,0,10,0,0,3,38,1,0,0,3,3
1962,20,43,22,22,22,0,22,86,0,0,0,0,14
1581,20,64,0,30,0,0,7,88,2,1,0,3,8
1995,20,109,0,40,0,0,11,137,3,2,0,4,5
2451,20,242,28,91,42,25,42,386,2,3,0,4,7
2924,20,242,28,91,42,25,42,386,2,3,0,4,7
1933,20,258,23,190,20,10,59,441,4,3,1,4,6
1017,20,306,18,139,547,44,102,952,2,4,1,6,7
1269,20,306,18,139,547,44,102,952,2,4,1,6,7
2760,20,479,13,175,0,28,97,598,4,5,1,4,8
2699,20,619,11,414,58,0,65,1036,5,6,1,5,8
1186,20,741,407,1038,108,71,370,1994,1,5,6,5,2
2879,20,890,0,57,0,0,29,918,2,3,1,8,4
1626,20,969,10,86,13,10,458,629,2,5,4,4,5
2501,20,1326,0,498,27,76,57,1870,12,7,4,9,7
1734,20,1739,398,1540,92,60,98,3731,1,8,5,11,8
1510,20,2012,87,729,37,57,27,2894,1,4,5,10,2
1512,20,2617,406,992,586,44,314,4331,1,4,8,4,8
2647,20,2661,229,1513,117,90,90,4520,1,7,4,10,6
1151,20,3266,39,603,104,39,80,3971,2,10,6,9,6
2822,19,9,26,121,56,17,69,160,1,2,0,3,7
3017,19,27,27,67,44,22,9,178,2,2,0,3,6
1042,19,43,14,143,43,29,172,100,3,2,0,3,5
1553,19,43,0,14,0,0,4,54,1,1,0,2,7
1009,19,60,0,103,13,13,9,180,1,3,0,2,9
1392,19,60,0,103,13,13,9,180,1,3,0,2,9
2937,19,65,0,46,23,10,3,140,3,2,0,4,3
2046,19,69,28,28,21,21,97,69,3,1,1,3,7
1390,19,89,14,122,47,42,14,299,3,2,0,4,8
1705,19,100,0,172,186,100,459,100,5,4,1,2,9
1884,19,498,58,190,107,8,264,597,1,3,3,6,3
2926,19,706,94,284,248,80,135,1276,2,3,3,10,3
1697,19,740,54,1075,135,296,172,2128,1,5,3,8,2
2484,19,750,447,385,131,345,79,1979,1,2,8,13,1
2551,19,843,0,83,0,0,43,883,4,5,1,5,8
1275,19,889,412,1272,374,317,63,3201,1,5,11,5,3
1661,19,924,81,296,86,278,15,1651,1,3,3,13,2
1521,19,1067,347,671,149,138,69,2304,1,8,3,4,4
1106,19,1238,0,331,0,0,236,1333,5,6,4,6,7
1461,19,1259,0,109,0,11,67,1312,1,7,1,8,5
1063,19,1468,30,659,429,51,81,2556,1,11,10,10,5
2139,19,1487,181,1091,278,29,29,3036,1,3,2,5,1
2588,19,2132,472,1466,61,64,196,3999,1,6,3,9,4
1503,19,2326,301,1506,56,85,0,4274,1,6,3,10,3
2221,18,5,29,10,15,29,15,73,1,1,0,3,7
1455,18,7,0,29,7,7,11,40,1,1,0,2,8
2650,18,48,48,131,143,65,54,381,1,1,1,4,4
2714,18,74,3,37,0,17,10,121,1,1,0,3,8
3152,18,81,0,26,9,0,0,115,1,1,0,3,4
1271,18,85,0,26,0,0,10,101,2,2,0,3,5
2082,18,199,154,310,228,26,128,788,2,4,1,7,5
1380,18,315,3,138,39,10,105,400,4,3,1,4,8
1079,18,363,51,945,60,145,169,1395,1,3,10,13,1
2560,18,363,51,945,60,145,169,1395,1,3,10,13,1
2264,18,397,214,717,119,91,165,1374,2,7,1,7,8
2397,18,704,434,187,96,20,620,820,1,2,10,10,1
2624,18,734,385,1647,94,33,349,2544,1,7,5,7,6
2948,18,901,79,252,14,79,173,1153,2,6,3,5,7
1101,18,964,412,225,66,47,91,1622,1,5,4,4,2
1057,18,1130,45,255,40,45,15,1500,4,4,2,12,3
1337,18,1303,217,979,284,0,53,2731,1,3,4,10,1
1199,18,1399,50,728,75,233,27,2458,1,4,6,9,1
1323,18,1887,134,1257,88,55,269,3153,1,7,6,8,3
2165,17,19,5,52,0,0,5,71,1,1,0,2,7
1436,17,53,8,113,30,8,11,199,1,2,0,4,5
2614,17,78,3,33,7,0,13,108,2,2,0,3,5
2368,17,89,4,46,0,0,11,129,1,1,0,3,7
1162,17,232,0,17,0,0,17,232,2,2,1,3,5
1100,17,273,11,111,14,14,97,327,2,3,1,3,7
1831,17,680,6,76,21,0,334,449,2,5,3,3,6
1273,17,708,228,536,349,172,172,1821,1,6,3,13,3
2466,17,708,111,819,146,111,56,1839,10,7,4,9,5
3174,17,710,340,1306,480,113,77,2874,4,9,3,4,7
1710,17,870,46,279,125,59,387,993,1,11,6,8,4
2089,17,988,81,177,53,81,40,1340,2,6,2,9,5
2386,17,1030,17,581,168,112,37,1872,1,7,2,12,4
1965,17,1509,376,242,430,94,517,2133,1,5,11,6,3
1778,17,1555,117,564,122,21,471,1909,3,11,4,8,8
1658,17,2239,27,323,71,27,80,2607,3,10,3,5,5
2305,17,2860,0,558,45,33,486,3009,6,6,3,13,7
1450,17,2885,40,962,54,79,40,3980,1,5,6,5,2
1197,17,2984,122,816,107,82,490,3622,5,11,4,9,8
2836,16,0,0,0,58,19,58,19,1,1,0,2,6
3085,16,0,32,23,120,9,78,106,2,2,0,3,7
2538,16,25,15,20,20,5,0,86,1,1,0,2,8
2413,16,29,24,29,24,12,59,59,1,0,1,2,7
1861,16,30,50,60,15,76,202,30,3,3,1,2,8
2032,16,36,0,13,0,0,4,45,1,1,0,2,8
3057,16,68,47,64,8,0,51,136,2,1,1,4,3
2876,16,83,28,77,0,22,61,149,1,1,0,3,7
1862,16,102,4,53,15,4,80,99,2,2,0,3,8
3123,16,107,12,95,16,29,12,247,2,2,0,4,6
2953,16,108,4,63,0,11,48,138,1,2,1,2,8
1172,16,201,4,26,0,0,51,180,1,1,1,3,6
2753,16,251,0,64,0,0,46,269,1,3,1,2,7
2410,16,311,63,162,7,162,5,699,5,6,1,5,7
2135,16,461,17,105,17,37,37,600,2,1,3,6,1
2062,16,640,37,465,78,48,60,1210,6,7,2,4,9
1006,16,1352,109,255,0,109,36,1789,2,6,4,10,6
2835,16,1630,86,304,169,20,64,2144,1,5,3,5,3
2065,16,2136,133,1960,230,88,310,4238,1,5,8,6,3
2474,16,2229,134,606,218,235,34,3388,4,9,5,7,5
2434,16,2690,141,1510,184,236,93,4668,0,6,7,12,2
1258,15,66,29,95,0,33,25,199,3,3,0,4,5
2170,15,86,6,22,0,6,41,79,1,1,0,3,5
2213,15,91,17,27,27,10,41,132,3,3,0,4,4
2810,15,191,17,82,14,0,10,293,3,2,1,3,5
2745,15,197,15,148,49,34,54,389,3,3,0,3,9
2956,15,197,15,148,49,34,54,389,3,3,0,3,9
2323,15,201,0,50,145,25,113,308,1,1,0,4,6
2891,15,201,0,50,145,25,113,308,1,1,0,4,6
3172,15,201,0,50,145,25,113,308,1,1,0,4,6
3117,15,237,0,43,10,3,0,294,2,1,1,4,4
2102,15,308,0,175,8,4,25,471,2,2,1,4,7
2851,15,403,286,978,435,378,882,1598,3,9,1,8,9
1098,15,437,3,97,6,3,21,525,4,4,1,4,7
1589,15,490,56,256,11,17,356,473,4,5,1,2,10
2791,15,1088,95,287,273,208,114,1838,2,9,2,9,5
1801,15,1939,122,1856,53,164,39,4096,1,5,4,8,3
2991,14,11,11,52,56,78,37,171,1,2,1,2,9
2490,14,12,69,58,35,75,173,75,1,3,1,2,8
1426,14,20,7,13,26,20,7,78,1,0,0,3,5
2597,14,25,101,126,0,107,126,234,3,2,0,4,8
1322,14,43,9,68,47,9,89,85,1,1,0,3,8
1404,14,70,11,70,11,4,11,154,2,2,0,3,7
2499,14,70,11,70,11,4,11,154,2,2,0,3,7
1366,14,200,56,446,362,186,256,994,3,4,1,6,7
1994,14,248,0,83,28,0,47,311,1,3,0,3,8
2293,14,488,379,488,96,379,86,1743,5,4,7,10,2
2823,14,1047,0,145,16,11,109,1110,3,8,1,6,6
2543,14,1068,35,398,331,54,72,1813,2,5,4,12,2
1421,14,1176,12,103,18,0,65,1244,2,9,1,5,8
3138,14,1202,12,78,32,12,51,1285,1,9,1,7,6
2279,14,1268,180,1414,470,398,216,3514,1,4,6,4,1
2134,14,1712,77,1610,86,302,251,3535,1,5,9,11,2
1177,14,1840,71,1262,329,179,35,3645,1,4,10,9,2
2344,14,1850,19,185,0,19,62,2011,4,2,2,7,8
1362,14,2613,60,243,80,60,393,2663,2,3,5,10,6
1328,13,5,28,33,0,5,14,56,1,1,0,2,8
3132,13,8,23,23,60,8,98,23,2,1,0,3,7
1451,13,17,4,21,8,0,12,37,1,1,0,2,8
3111,13,21,126,58,84,5,131,163,1,2,0,4,6
1361,13,43,17,60,17,17,4,151,1,1,0,3,8
1427,13,43,17,60,17,17,4,151,1,1,0,3,8
2147,13,58,40,55,30,21,24,179,1,1,1,3,3
1134,13,108,115,139,247,54,393,271,3,4,2,3,7
1178,13,134,3,57,10,0,13,191,2,2,0,3,7
2875,13,134,3,57,10,0,13,191,2,2,0,3,7
1113,13,138,12,118,0,16,41,244,3,2,1,3,5
2087,13,157,0,24,0,0,6,175,1,2,0,3,5
1660,13,211,15,286,64,4,68,512,4,4,1,3,9
2317,13,250,8,151,15,11,53,383,1,3,1,3,6
1547,13,336,336,674,437,315,216,1880,5,6,3,12,4
1615,13,336,336,674,437,315,216,1880,5,6,3,12,4
2771,13,424,125,234,0,117,135,764,1,3,2,8,3
1255,13,432,175,707,384,353,275,1776,1,3,3,6,1
1300,13,526,0,80,9,6,48,572,6,3,1,6,4
2802,13,678,61,1586,492,55,378,2494,1,4,6,5,2
2929,13,885,10,233,29,21,34,1144,1,4,2,9,4
2840,13,1299,61,189,40,0,157,1432,11,8,3,7,7
1743,13,1473,244,890,399,153,91,3068,1,6,4,10,3
2300,13,1731,191,1193,76,153,307,3037,1,5,9,12,3
2261,13,1855,420,1560,329,125,547,3742,1,4,6,8,2
1967,13,2268,206,1443,109,122,82,4066,1,5,6,7,2
1073,12,5,0,24,0,14,43,0,1,0,0,3,3
2271,12,7,15,37,44,0,22,81,1,1,0,2,7
1143,12,20,27,94,75,55,79,192,4,3,0,4,6
1823,12,20,27,94,75,55,79,192,4,3,0,4,6
1579,12,40,27,108,20,67,202,61,3,3,1,2,7
1943,12,48,24,31,21,55,41,138,2,2,0,3,6
2539,12,160,223,626,417,273,86,1613,1,5,10,5,1
1744,12,162,4,37,8,4,142,75,1,2,1,2,7
3182,12,238,79,139,20,60,99,437,0,1,0,0,13
2811,12,469,43,1024,359,319,148,2065,1,2,9,13,1
1296,12,515,7,154,67,13,50,705,1,4,2,4,4
1859,12,835,147,1227,192,97,147,2351,1,6,9,12,1
1420,12,888,87,674,70,70,35,1753,3,6,2,12,5
1796,12,946,23,209,48,10,10,1225,2,5,4,7,3
2331,12,1016,0,1093,440,155,339,2365,1,6,6,4,2
1546,12,1115,60,317,326,0,89,1729,2,8,3,13,4
1617,12,1127,48,1604,92,434,173,3132,1,6,7,7,3
2063,12,1276,95,1238,145,187,224,2717,1,5,6,4,3
2193,12,1436,87,556,115,78,175,2098,2,7,11,11,4
2661,12,1514,113,1929,48,188,188,3604,1,4,6,5,2
1056,12,1652,60,1248,160,30,186,2965,1,3,6,11,1
3189,12,1652,60,1248,160,30,186,2965,1,3,6,11,1
2328,12,1674,18,219,0,78,99,1891,3,10,4,7,6
3113,12,2074,164,387,107,82,221,2592,1,11,3,4,4
1693,11,24,40,84,76,56,168,112,2,2,1,3,6
2325,11,24,40,84,76,56,168,112,2,2,1,3,6
2417,11,34,4,15,11,7,11,60,1,1,0,2,6
1256,11,55,39,105,44,11,116,138,2,2,2,2,6
1821,11,71,24,59,47,32,67,165,3,2,1,3,5
2765,11,71,24,59,47,32,67,165,3,2,1,3,5
1277,11,82,25,20,0,37,49,114,1,1,0,3,7
1325,11,126,109,130,38,10,61,352,1,2,1,4,6
1198,11,228,76,216,206,13,25,713,5,3,1,6,4
1894,11,240,11,255,30,34,107,464,2,3,1,4,7
2375,11,296,189,234,192,0,323,589,2,6,2,4,7
3107,11,308,13,163,18,9,281,229,4,3,2,2,9
2603,11,423,457,488,244,151,303,1462,1,6,2,8,6
3048,11,458,153,613,33,137,137,1257,2,5,5,7,4
2806,11,513,0,71,6,3,100,494,3,4,1,4,7
2006,11,558,147,477,322,214,230,1488,3,5,4,9,4
2564,11,610,23,174,31,8,8,838,7,3,2,5,7
2467,11,696,0,133,10,7,50,796,4,6,1,4,8
1370,11,1031,36,174,13,10,351,913,3,7,3,4,7
2137,11,1085,29,355,60,44,60,1513,10,5,2,9,7
1388,11,1165,0,73,0,0,11,1227,9,6,3,6,7
2611,11,1680,0,187,0,0,94,1774,6,11,2,7,8
1401,11,2171,58,634,117,58,58,2981,1,2,7,11,5
2178,11,2339,83,332,36,0,27,2764,2,5,2,10,8
1474,11,2652,43,1346,224,172,304,4134,2,2,5,12,6
1814,10,10,25,35,0,90,90,70,2,2,0,3,7
2794,10,20,0,12,0,0,4,28,1,1,0,2,7
2700,10,35,49,217,105,28,49,385,3,2,1,3,6
2341,10,41,27,95,54,54,149,122,2,2,1,2,8
2058,10,42,5,33,0,14,9,85,2,1,0,3,7
2363,10,42,5,33,0,14,9,85,2,1,0,3,7
2097,10,64,8,72,12,0,95,60,1,1,1,2,8
1318,10,88,4,50,8,8,69,88,1,1,1,2,7
1690,10,88,4,50,8,8,69,88,1,1,1,2,7
2273,10,100,17,80,20,10,27,199,2,2,0,4,5
2440,10,137,0,46,9,0,23,169,1,1,0,3,7
1569,10,146,5,61,33,9,43,213,4,2,1,4,4
1121,10,310,150,189,168,230,150,898,5,5,4,5,5
1560,10,345,0,65,38,0,88,360,3,4,1,3,7
1885,10,407,19,240,0,19,76,610,5,4,1,6,5
2249,10,463,3,105,6,3,3,578,1,4,1,4,6
1123,10,557,250,446,54,97,307,1098,1,7,2,9,4
3130,10,623,59,346,156,47,59,1171,6,5,1,8,6
3166,10,885,0,113,39,0,453,584,7,5,4,4,6
1887,10,1001,60,1883,63,39,80,2966,0,7,4,7,2
2535,10,1290,213,407,167,107,323,1862,3,7,3,13,5
3032,10,1290,213,407,167,107,323,1862,3,7,3,13,5
1321,10,1850,355,680,167,225,70,3208,1,11,4,6,4
2334,10,2014,61,1123,303,71,232,3340,1,6,6,7,4
2839,10,2014,61,1123,303,71,232,3340,1,6,6,7,4
1145,10,2434,63,657,83,32,103,3167,1,10,4,6,4
3211,9,8,-5,21,54,0,46,43,2,2,1,2,7
2873,9,11,4,6,2,492,6,509,0,27,0,0,1
3196,9,15,10,41,102,0,87,81,2,2,1,2,7
1700,9,26,6,16,10,0,10,48,1,1,0,2,7
3125,9,43,8,27,16,8,8,94,1,1,0,3,3
1577,9,48,24,8,44,8,64,68,1,1,0,3,4
2019,9,166,11,33,15,15,26,214,1,1,2,2,6
2717,9,179,61,93,6,45,80,303,1,3,1,3,8
1500,9,243,0,172,15,11,75,367,4,3,1,3,8
2732,9,281,4,211,14,21,56,475,2,5,1,2,9
1630,9,351,17,205,22,11,53,553,1,3,1,6,4
2593,9,435,30,272,41,30,47,762,2,3,2,7,3
1548,9,531,55,247,85,18,73,863,3,3,2,7,3
1251,9,581,7,233,10,7,66,772,6,5,2,4,8
1637,9,662,9,302,79,0,51,1001,2,7,1,5,8
2059,9,702,42,231,57,30,126,936,2,4,1,8,5
1483,9,982,35,552,230,35,53,1783,1,4,3,13,2
2450,9,1166,89,1070,84,30,388,2051,2,6,6,7,4
2436,9,1291,13,53,18,13,25,1362,4,7,3,7,5
1753,9,1310,17,304,94,87,374,1437,8,7,3,7,8
1074,9,1607,0,178,0,0,142,1643,2,10,1,8,8
2362,9,2066,50,1446,106,40,248,3460,0,5,10,5,1
1153,9,2351,28,564,38,28,28,2980,1,5,4,10,2
1527,9,3234,42,882,0,42,0,4199,1,7,6,6,3
1898,9,3234,42,882,0,42,0,4199,1,7,6,6,3
1764,8,4,13,34,9,21,21,60,1,1,0,2,7
1409,8,31,0,21,6,0,3,55,1,1,0,2,8
1741,8,42,19,84,46,19,42,168,2,3,0,3,7
2604,8,98,0,141,18,12,61,209,3,4,1,2,7
1953,8,118,37,221,59,52,191,295,3,3,0,4,8
2311,8,223,174,305,217,46,0,964,5,6,1,5,9
1032,8,302,38,302,104,69,135,679,6,4,1,6,6
2601,8,612,6,17,0,0,25,609,2,5,1,4,7
2197,8,732,218,231,84,37,89,1212,1,4,2,10,3
2759,8,774,128,233,31,12,58,1120,5,5,2,5,8
2947,8,774,128,233,31,12,58,1120,5,5,2,5,8
2158,8,786,60,182,176,60,71,1192,2,3,2,10,3
1877,8,809,148,412,195,131,346,1349,1,6,9,4,5
2541,8,827,34,271,46,9,68,1120,2,6,3,5,5
3204,8,1046,73,523,196,73,149,1762,2,6,5,10,3
3219,8,1054,74,527,197,74,150,1775,2,6,5,10,3
3153,8,1313,352,537,154,22,139,2239,4,7,4,13,5
1230,8,1318,361,1186,514,31,427,2982,1,3,9,9,2
1784,8,1339,327,504,33,327,49,2481,1,6,8,13,2
1059,8,1353,0,119,0,15,15,1472,1,7,3,8,5
1747,8,1370,119,2096,576,0,201,3960,1,3,6,7,2
1920,8,1559,19,202,292,40,40,2071,2,8,4,9,6
2853,8,1617,22,584,122,46,139,2252,2,7,7,10,4
1721,8,2427,26,220,33,54,54,2706,4,6,9,11,5
2965,8,2589,88,1403,344,88,130,4381,1,5,5,8,3
2936,8,3502,38,307,0,0,383,3464,1,5,3,6,6
3190,7,29,115,158,43,115,301,158,4,3,2,2,7
2679,7,68,192,181,68,181,474,214,4,3,1,3,8
1432,7,72,36,57,57,0,26,196,2,2,0,3,8
2895,7,95,17,21,41,21,95,99,1,1,0,4,3
2820,7,385,45,587,0,45,136,927,1,6,10,6,5
2366,7,452,0,217,37,20,203,523,6,4,4,3,5
2701,7,650,7,187,0,0,0,844,5,4,1,6,8
2750,7,650,7,187,0,0,0,844,5,4,1,6,8
1979,7,1111,72,845,376,119,185,2337,3,8,8,6,6
2047,7,1165,257,1490,294,97,323,2979,1,4,10,8,1
1374,7,1252,282,1656,70,282,120,3422,0,5,6,8,1
1870,7,2103,148,511,193,89,118,2925,2,2,6,10,5
2615,6,38,4,21,17,21,30,73,1,1,0,3,7
3122,6,38,4,21,17,21,30,73,1,1,0,3,7
1281,6,39,4,13,0,17,35,39,1,0,0,3,6
3001,6,39,4,13,0,17,35,39,1,0,0,3,6
1307,6,50,0,9,0,0,3,56,1,1,0,2,7
1486,6,82,184,107,102,317,553,241,1,4,1,3,8
2018,6,214,0,50,0,0,25,240,3,2,0,4,7
2979,6,214,0,50,0,0,25,240,3,2,0,4,7
2680,6,253,22,250,7,11,11,532,3,3,1,4,7
1620,6,336,286,192,22,122,133,826,1,4,2,7,4
2718,6,734,56,1819,199,63,463,2408,1,6,5,13,4
1602,6,765,34,355,81,47,111,1172,5,1,2,9,2
1495,6,865,221,799,229,154,242,2026,1,6,4,12,3
2180,6,917,382,304,697,406,178,2528,3,6,6,12,5
2761,6,1142,0,115,33,24,210,1105,5,6,3,6,6
2694,6,1296,171,516,28,149,300,1859,4,7,5,9,6
1341,6,1380,157,1932,207,315,118,3873,1,3,3,8,1
1748,6,1477,241,723,315,330,300,2786,1,11,5,12,6
1910,6,1871,197,1147,42,32,197,3092,1,6,9,5,3
3056,6,1881,164,856,257,164,97,3226,1,6,9,7,2
1971,6,2809,37,674,98,150,111,3656,1,2,4,10,1
1076,5,19,5,24,10,0,19,38,1,1,0,2,7
1766,5,24,71,29,18,94,100,136,2,2,0,3,7
3074,5,24,71,29,18,94,100,136,2,2,0,3,7
2357,5,28,74,80,0,28,176,34,2,2,1,2,6
1193,5,38,25,6,44,13,94,31,1,0,1,2,6
2522,5,43,51,51,107,4,86,172,1,2,0,3,6
2280,5,86,72,57,186,57,358,100,4,2,1,3,6
2673,5,99,0,7,0,0,3,102,1,1,0,3,7
2516,5,136,17,99,17,8,21,256,2,3,0,4,7
1239,5,332,292,876,63,339,292,1611,1,6,9,13,2
1840,5,1300,43,758,63,65,72,2158,1,6,9,10,2
2663,5,1338,71,559,315,217,217,2282,4,8,3,12,6
3003,5,1562,24,670,96,147,126,2373,4,10,5,7,8
3063,5,1562,24,670,96,147,126,2373,4,10,5,7,8
2504,5,1843,113,1317,99,414,113,3673,1,4,6,4,3
2257,4,11,7,40,7,7,37,37,1,1,0,2,6
1041,4,50,0,33,17,6,17,89,1,0,0,3,5
2960,4,50,0,33,17,6,17,89,1,0,0,3,5
2552,4,112,10,215,32,26,77,318,1,3,1,3,6
1544,4,121,32,48,32,32,48,217,1,2,0,4,5
2493,4,121,32,48,32,32,48,217,1,2,0,4,5
1161,4,253,21,72,6,9,81,280,1,3,1,3,6
2378,4,354,4,150,22,7,150,387,2,4,1,3,7
1538,4,398,62,1156,247,274,105,2033,1,3,8,13,1
1026,4,497,11,86,9,17,118,503,4,5,1,4,7
1064,4,604,120,389,17,201,267,1065,1,5,2,10,4
1146,4,636,18,207,12,36,9,900,3,6,1,5,7
3006,4,784,87,801,114,17,356,1448,3,7,2,11,5
2055,4,906,31,94,13,31,393,683,1,6,1,6,6
2970,4,912,43,254,106,206,126,1394,0,7,6,8,2
2101,4,921,68,520,203,68,51,1728,2,6,5,9,3
1572,4,1140,11,86,17,11,86,1180,3,7,1,7,7
1033,4,1184,84,1157,292,167,54,2830,1,3,5,9,7
2515,4,1204,108,1261,215,0,245,2543,3,11,2,12,7
3119,4,1213,78,2076,560,117,313,3731,2,5,3,6,4
2789,4,1268,165,716,358,329,358,2478,3,5,4,8,2
3134,4,1268,165,716,358,329,358,2478,3,5,4,8,2
2312,4,1706,86,521,413,230,403,2553,3,7,4,7,4
1403,4,1824,0,302,57,0,85,2099,9,10,2,8,8
1131,4,1872,0,588,33,51,127,2417,2,3,5,7,7
1470,4,1872,0,588,33,51,127,2417,2,3,5,7,7
2850,3,5,42,31,21,42,83,57,1,1,0,3,7
2727,3,12,17,29,62,33,46,108,1,1,0,3,7
2067,3,21,5,36,10,5,10,67,2,1,0,3,4
1618,3,44,0,3,0,0,3,44,1,1,0,2,7
2395,3,101,15,81,0,20,5,212,3,2,0,4,6
1312,3,103,5,51,0,5,9,154,1,1,0,3,7
1148,3,118,31,160,28,79,39,376,1,1,1,6,2
2958,3,168,3,119,16,14,60,260,1,2,1,4,4
3075,3,168,3,119,16,14,60,260,1,2,1,4,4
1675,3,208,3,62,0,6,96,183,3,2,2,2,7
2921,3,374,498,1185,529,67,374,2280,2,3,8,7,2
1751,3,430,76,831,181,76,215,1380,2,5,2,12,2
2911,3,434,62,569,110,85,23,1237,5,4,2,9,4
1670,3,634,210,1364,154,22,163,2220,1,4,6,4,2
2309,3,827,127,1265,235,180,232,2401,1,8,3,5,4
1082,3,872,18,110,0,9,101,907,4,6,1,6,7
1039,3,947,171,1206,184,400,229,2680,2,8,6,5,4
2571,3,987,9,153,12,9,129,1042,5,7,1,6,8
3145,3,987,9,153,12,9,129,1042,5,7,1,6,8
3170,3,987,9,153,12,9,129,1042,5,7,1,6,8
2028,3,1064,221,765,386,122,23,2535,1,7,7,12,3
2013,3,1125,199,874,260,123,98,2483,1,4,4,7,2
2431,3,1125,199,874,260,123,98,2483,1,4,4,7,2
1210,3,1190,16,352,43,0,32,1570,2,6,3,11,3
2848,3,1336,51,351,0,16,69,1684,6,6,2,11,6
2153,3,2026,195,1284,202,232,77,3862,1,8,2,5,5
3097,3,2255,160,740,0,63,30,3187,4,8,4,7,6
2041,3,2848,0,117,0,0,88,2876,11,3,4,10,8
2322,3,2848,0,117,0,0,88,2876,11,3,4,10,8
2900,2,11,22,49,0,22,27,76,1,1,0,3,5
2495,2,14,79,121,93,5,182,131,2,2,0,3,9
1204,2,35,0,12,0,0,3,44,1,1,0,2,8
3160,2,42,5,9,14,9,0,79,1,0,0,3,6
2304,2,45,64,84,103,0,26,270,2,3,0,3,8
2025,2,54,0,62,0,0,23,93,1,1,1,2,6
1485,2,86,0,12,0,0,0,98,1,1,0,3,5
1837,2,122,0,25,0,0,0,147,1,1,0,3,7
1358,2,137,14,79,11,11,11,241,3,3,0,3,8
2074,2,137,14,79,11,11,11,241,3,3,0,3,8
2245,2,144,0,37,0,6,72,115,2,2,1,2,7
2628,2,196,16,110,24,12,102,255,3,3,1,2,9
2952,2,210,0,65,7,0,36,246,4,3,0,4,7
1259,2,437,0,112,16,5,34,536,2,4,2,4,5
2783,2,615,107,2067,472,48,36,3274,1,4,6,6,1
3059,2,658,20,402,29,9,32,1086,7,5,1,8,7
1956,2,698,18,893,329,77,18,1997,1,2,8,13,0
1825,2,801,111,953,296,77,119,2119,1,3,6,7,1
2321,2,868,20,202,0,33,338,785,3,5,2,6,5
2308,2,1088,179,422,65,49,4256,-2453,0,1,0,1,17
1444,2,1383,0,681,85,42,175,2017,4,2,2,8,7
1385,2,1420,244,291,319,98,49,2324,1,9,4,9,5
1048,2,1471,84,1766,61,378,72,3687,1,6,9,13,3
2371,2,1595,18,295,77,0,38,1947,2,6,3,12,5
2574,2,1706,247,713,323,185,81,3093,1,2,5,13,6
1219,2,2182,169,408,400,306,60,3405,1,6,3,4,7
3143,2,2431,84,1172,437,208,292,4040,1,5,6,7,2
2928,2,3061,250,1556,67,50,0,4984,1,10,4,8,8
2188,1,6,77,58,0,90,45,187,1,2,0,3,7
2034,1,19,10,58,34,24,126,19,2,1,2,2,6
2621,1,25,4,21,0,11,11,50,1,0,0,3,4
2396,1,27,0,4,0,0,0,31,1,1,0,2,6
1999,1,53,12,25,25,20,25,111,1,1,0,3,8
1792,1,68,11,97,34,6,57,159,2,2,0,3,8
3071,1,101,23,62,54,31,124,147,2,1,0,3,9
1970,1,103,0,46,0,4,19,134,2,2,0,3,5
2754,1,180,56,283,349,225,73,1019,1,2,3,13,1
2986,1,334,4,117,46,43,43,501,3,4,0,4,8
3076,1,375,83,424,0,0,296,586,2,7,2,8,5
1391,1,391,18,202,33,18,25,635,3,5,1,5,6
1793,1,435,412,606,118,71,76,1567,1,5,4,6,2
2355,1,862,30,116,0,40,82,965,4,7,2,4,8
2489,1,955,95,1594,165,445,445,2808,1,4,8,9,2
1413,1,994,0,497,255,453,453,1747,2,5,5,12,3
1066,1,1236,90,1147,471,150,30,3064,3,4,8,6,3
1835,1,1288,0,66,0,0,54,1300,3,7,1,7,8
2828,1,1378,432,2086,51,0,77,3870,1,4,5,4,3
1701,1,1566,21,582,0,65,21,2213,2,5,4,5,4
2092,1,1577,100,256,67,356,100,2255,1,8,2,5,5
1982,1,2635,43,921,217,41,41,3816,1,4,3,4,1
1414,1,2719,35,760,94,35,35,3607,1,2,4,9,4
1396,1,3005,0,511,95,73,35,3649,3,11,9,12,6
1791,0,14,47,38,14,76,151,38,1,1,1,2,6
1150,0,21,0,13,0,0,21,13,1,1,0,2,7
1535,0,34,91,136,62,0,192,130,2,3,1,2,7
1062,0,41,0,4,0,0,0,45,1,1,0,2,7
2009,0,74,0,8,0,0,8,74,1,1,0,3,4
1739,0,138,7,80,0,14,80,159,2,2,1,3,4
1092,0,164,3,15,6,3,31,161,2,2,0,3,8
2181,0,178,17,161,37,37,62,367,4,2,1,5,4
2809,0,178,17,161,37,37,62,367,4,2,1,5,4
1520,0,252,0,35,0,0,23,265,1,2,1,3,5
2026,0,321,4,149,0,4,12,466,3,2,1,4,7
2349,0,333,27,147,37,5,75,475,1,3,2,5,2
1375,0,364,10,159,0,34,10,556,2,3,1,6,4
2950,0,377,94,283,47,94,7570,-6674,0,25,0,0,1
1331,0,412,227,826,242,412,475,1643,1,4,4,6,1
3169,0,727,57,820,178,22,120,1683,4,8,8,6,6
2631,0,794,34,283,15,11,112,1026,3,5,2,5,7
2070,0,805,311,984,575,77,103,2649,1,4,7,5,2
1847,0,908,36,224,83,23,23,1251,3,5,1,8,5
2653,0,930,0,220,0,0,69,1081,2,5,1,8,7
1023,0,972,0,258,53,81,13,1351,3,6,2,9,4
1832,0,972,0,258,53,81,13,1351,3,6,2,9,4
3024,0,1005,58,1195,163,219,58,2582,1,5,6,10,1
2513,0,1067,203,1092,198,50,252,2356,1,3,6,6,1
1803,0,1277,14,176,19,0,102,1384,1,7,3,7,5
2128,0,1288,0,485,23,54,91,1759,12,9,2,8,8
2142,0,1288,0,485,23,54,91,1759,12,9,2,8,8
1730,0,1979,206,648,39,87,167,2792,1,10,10,7,6
